,title,time,link,text
0,"""ุฃูุณููุณ"": ุจุงูุฏู ูุฌู ุฅูุฐุงุฑุง ููุงุฆูุง ุดุฏูุฏ ุงูููุฌุฉ ููุชููุงูู",23:39 GMT,/web/20240405235307/https://arabic.rt.com/world/1553825-%D8%A3%D9%83%D8%B3%D9%8A%D9%88%D8%B3-%D8%A8%D8%A7%D9%8A%D8%AF%D9%86-%D9%88%D8%AC%D9%87-%D8%A5%D9%86%D8%B0%D8%A7%D8%B1%D8%A7-%D9%86%D9%87%D8%A7%D8%A6%D9%8A%D8%A7-%D8%B4%D8%AF%D9%8A%D8%AF-%D8%A7%D9%84%D9%84%D9%87%D8%AC%D8%A9-%D9%84%D9%86%D8%AA%D9%86%D9%8A%D8%A7%D9%87%D9%88/,"ุฃูุงุฏุช ุจูุงุจุฉ ""ุฃูุณููุณ"" ูููุง ุนู ูุตุงุฏุฑ ูุทูุนุฉ ุจุฃู ุงูุฑุฆูุณ ุงูุฃูุฑููู ุฌู ุจุงูุฏู ูุฌู ุฅูุฐุงุฑุง ููุงุฆูุง ุดุฏูุฏ ุงูููุฌุฉ ูุฑุฆูุณ ุงููุฒุฑุงุก ุงูุฅุณุฑุงุฆููู ุจููุงููู ูุชููุงููุ ูุฏุฏู ููู ุจุงูุชููู ุนู ูุณุงุนุฏุฉ ุฅุณุฑุงุฆูู.
ูุฐูุฑุช ุงูุจูุงุจุฉ ูููุง ุนู ุซูุงุซุฉ ูุตุงุฏุฑ ูุทูุนุฉ ุฃู ""ุงูุฑุฆูุณ ุจุงูุฏู ูุฌู ุฅูุฐุงุฑุง ุฅูู ุฑุฆูุณ ุงููุฒุฑุงุก ุงูุฅุณุฑุงุฆููู ุจููุงููู ูุชููุงูู ุฎูุงู ููุงููุฉ ูุงุชููุฉ ููู ุงูุฎููุณุ ูุงู ููู ุฅุฐุง ูู ุชุบูุฑ ุฅุณุฑุงุฆูู ููุฌูุง ูู ุบุฒุฉุ ููู ูููู ุจูุณุงุนุฏุชูู"".
ููู ูุญุฏุฏ ุจุงูุฏู ูุง ุงูุฐู ููุตุฏู ุจุงูุถุจุท ูู ููุฏุงู ุงูุฏุนู ุงูุฃูุฑูููุ ููู ูุฐูุฑ ูู ูุฐุง ุงูุณูุงู ุฅููุงููุฉ ููู ุฅูุฏุงุฏุงุช ุงูุฃุณูุญุฉ ูุฅุณุฑุงุฆูู.
ูุฃูุฏุช ุงููุตุงุฏุฑ ุฃู ูุฐู ุงููุญุงุฏุซุฉ ูุงูุช ""ุงูุฃูุซุฑ ูุณูุฉ"" ุจูู ุจุงูุฏู ููุชููุงูู ""ูู ุญูุซ ุงูููุฌุฉ ูุงููุถููู"" ููุฐ 7 ุฃูุชูุจุฑ.
ูุฃูุงุฏุช ููุงุฉยNBC ุงูุฅุฎุจุงุฑูุฉ ุงูุฃูุฑูููุฉ ูููุง ุนู ูุณุคูููู ุฃูุฑููููู ุฃูุณ ุงูุฌูุนุฉุ ุจุฃู ููุงู 3 ุฃุณุจุงุจ ูุงุฏุช ุฅูู ุงูุชุญูู ูู ูููู ุงูุฑุฆูุณ ุงูุฃูุฑููู ุชุฌุงู ุฅุณุฑุงุฆูู ูููยููุชู ุนูุงู ุงูุฅุบุงุซุฉ ูููุงุดุฏุฉ ุนูููุฉ ุจุงูุฏู ุงูููููุฉ ุจููู ุงูุญุฑุจ ูุชุญุฑู ุงูุฌุงููุฉ ุงููุณููุฉ ูุงุฏุช ูุชุญูู ุจูููู ุจุงูุฏู.
ูุจุนุฏ ุงูููุงููุฉุ ูุงู ุงููุชุญุฏุซ ุจุงุณู ุงูุจูุช ุงูุฃุจูุถ ุฌูู ููุฑุจู ุฅู ุงูุฎุทูุงุช ุงูุชู ุชุชููุน ุงูููุงูุงุช ุงููุชุญุฏุฉ ุฃู ุชุชุฎุฐูุง ุฅุณุฑุงุฆูู ุชุดูู ""ุฒูุงุฏุฉ ูููุฉ ุงููุณุงุนุฏุงุช ุงูุชู ุชุตู ุฅูู ุบุฒุฉุ ููุชุญ ูุนุงุจุฑ ุฅุถุงููุฉ ุฅูู ุบุฒุฉุ ูุงูุชุญุฑู ูุญู ููู ุฅุทูุงู ุงููุงุฑุ ูุชุญุณูู ุญูุงูุฉ ุงููุฏูููู ูุงููุทุงุน ุงูุฎุงุต ูุนูุงู ุงูุฅุบุงุซุฉ.
ููุงู ููุฑุจู: ""ุฅุฐุง ูู ุชูู ููุงู ุชุบููุฑุงุช ูู ุณูุงุณุชููุ ููุง ุจุฏ ุฃู ุชููู ููุงู ุชุบููุฑุงุช ูู ุณูุงุณุชูุง"".
ุงููุตุฏุฑ: ููููุณุชู"
1,ุขุฎุฑ ุชุทูุฑุงุช ุงูุนูููุฉ ุงูุนุณูุฑูุฉ ุงูุฑูุณูุฉ ูู ุฃููุฑุงููุง /05.04.2024/,23:35 GMT,/web/20240405235307/https://arabic.rt.com/world/1553510-%D8%A2%D8%AE%D8%B1-%D8%AA%D8%B7%D9%88%D8%B1%D8%A7%D8%AA-%D8%A7%D9%84%D8%B9%D9%85%D9%84%D9%8A%D8%A9-%D8%A7%D9%84%D8%B9%D8%B3%D9%83%D8%B1%D9%8A%D8%A9-%D8%A7%D9%84%D8%B1%D9%88%D8%B3%D9%8A%D8%A9-%D9%81%D9%8A-%D8%A3%D9%88%D9%83%D8%B1%D8%A7%D9%86%D9%8A%D8%A7-05042024/,
2,ุจุงูุฃุฑูุงู.. ูุฐุง ูุง ุฎููุชู ุณุชุฉ ุฃุดูุฑ ูู ุงูุญุฑุจ ุนูู ุบุฒุฉ,23:23 GMT,/web/20240405235307/https://arabic.rt.com/middle_east/1553819-%D8%A8%D8%A7%D9%84%D8%A3%D8%B1%D9%82%D8%A7%D9%85-%D9%87%D8%B0%D8%A7-%D9%85%D8%A7-%D8%AE%D9%84%D9%81%D8%AA%D9%87-%D8%B3%D8%AA%D8%A9-%D8%A3%D8%B4%D9%87%D8%B1-%D9%85%D9%86-%D8%A7%D9%84%D8%AD%D8%B1%D8%A8-%D8%B9%D9%84%D9%89-%D8%BA%D8%B2%D8%A9/,"ุฃุตุจุญุช ุงูุญุฑุจ ุงููุชูุงุตูุฉ ุจูู ุฅุณุฑุงุฆูู ูุญูุงุณ ููุฐ ุณุชุฉ ุฃุดูุฑ ูุงุญุฏุฉ ูู ุฃูุซุฑ ุงูุตุฑุงุนุงุช ุชุฏููุฑุง ููุชูุง ูุนุตูุงูุง ุนูู ุงูุญู ูู ุงููุฑู ุงูุญุงุฏู ูุงูุนุดุฑูู.
ูููุฐ ุงููุฌูู ุงูุฐู ุดูุชู ุญูุงุณ ุนุจุฑ ุงูุญุฏูุฏ ูู 7 ุฃูุชูุจุฑ ูุงูุช ุฅุณุฑุงุฆูู ุจูุตู ูุทุงุน ุบุฒุฉ ูุง ุฃุฏู ุฅูู ูุฒูุญ ุงูุบุงูุจูุฉ ุงูุนุธูู ูู ุงูุณูุงูุ ูุฏูุน ุงููุซูุฑูู ุฅูู ุงููุฑุงุฑ ุฅูู ูุฏููุฉ ุฑูุญ ุงููุงูุนุฉ ูู ุฃูุตู ุฌููุจ ุบุฒุฉุ ูุงููู ุนู ููุชู ุฃูุซุฑ ูู 30 ุฃููุง ููุฐ ุจุฏุงูุฉ ุนูููุฉ ""ุทููุงู ุงูุฃูุตู"".
ููู ูุง ูููยูุธุฑุฉ ุนูู ุงูุญุฑุจ ุจุงูุฃุฑูุงู ูุงูุฅุญุตุงุฆูุงุชยูุงูุช ููุงูุฉ ""ุฃุณูุดูุชุฏ ุจุฑุณ"" ุฅู ูุตุฏุฑูุง ุงูุฑุฆูุณู ุงูุฌูุด ูููุชุจ ุฑุฆูุณ ุงููุฒุฑุงุก ุงูุฅุณุฑุงุฆูููููุ ููุฒุงุฑุฉ ุงูุตุญุฉ ูู ุบุฒุฉุ ูููุชุจ ุงูุฃูู ุงููุชุญุฏุฉ ูุชูุณูู ุงูุดุคูู ุงูุฅูุณุงููุฉุ ูุชูุงุฑูุฑ ุงูููุงูุฉ.
ุฅุฌูุงูู ุงููููุงุช:
- ุนุฏุฏ ุงููุชูู ุงูููุณุทููููู ูู ุบุฒุฉ: 33091
- ุงูุฃุทูุงู ุงูุฐูู ูุชููุง ูู ุบุฒุฉ: ูุง ูุฒูุฏ ุนูู 13 ุฃููุง
- ุนุฏุฏ ุงููุชูู ุงูููุณุทููููู ูู ุงูุถูุฉ ุงูุบุฑุจูุฉ: 456
- ุนุฏุฏ ุงููุชูู ูู ูุจูุงู: 343 ุนูู ุงูุฃูู
- ุนุฏุฏ ุงููุชูู ูู ุฅุณุฑุงุฆูู: ูุญู 1200
ุงููุฏูููู:
- ูุฏูููู ูุชููุง ูู ูุจูุงู: 50 ุนูู ุงูุฃูู
- ุนูุงู ุฅุบุงุซุฉ ูุชููุง ูู ุบุฒุฉ: 224 ูู ุจูููู 30 ุนูู ุงูุฃูู ูุชููุง ุฃุซูุงุก ุฃุฏุงุก ูุงุฌุจูู
- ุนุฏุฏ ุงููุชูู ูู ุงูุนุงูููู ูู ุงููุทุงุน ุงูุตุญู ูู ุบุฒุฉ: 484
- ุตุญูููู ูุชููุง ูู ุบุฒุฉ: 95 ุนูู ุงูุฃูู
- ูุฏูููู ูุฃุฌุงูุจ ูุชููุง ูู ุฅุณุฑุงุฆูู ููู 7 ุฃูุชูุจุฑ: 780
- ูุณุนููู ูุชููุง ูู ุฅุณุฑุงุฆูู ููู 7 ุฃูุชูุจุฑ: 62
ุนุฏุฏ ุงููุชูู ุงููุฏูููู ููุฐย8 ุฃูุชูุจุฑ ูู ุฅุณุฑุงุฆูู ุนูู ุทูู ุงูุญุฏูุฏ ุงูุดูุงููุฉ: 9
ุฌููุฏย- ูุณูุญูู:
- ูุณูุญูู ูุชูุชูู ุฅุณุฑุงุฆูู ูู ุบุฒุฉ: ุฃูุซุฑ ูู 13 ุฃููุง ุจุญุณุจ ุงูุฌูุด ุงูุฅุณุฑุงุฆููู
- ุฌููุฏ ุฅุณุฑุงุฆููููู ูุชููุง ูู ุงููุฌูู ุงูุจุฑู ุนูู ุบุฒุฉ: 256
- ุฌููุฏ ุฅุณุฑุงุฆููููู ูุชููุง ูู 7 ุฃูุชูุจุฑ: 314
- ุฌููุฏ ุฅุณุฑุงุฆููููู ูุชููุง ุนูู ุทูู ุงูุฌุจูุฉ ุงูุดูุงููุฉ ูุฅุณุฑุงุฆูู ููุฐ 7 ุฃูุชูุจุฑ:11
- ูุณูุญูู ูุชููุง ูู ูุจูุงู: ูุญู 280 ูุนุธููู ูู ุญุฒุจ ุงููู
ุงูุฏูุงุฑยูุงููุถุน ุงูุฅูุณุงูู ูู ุบุฒุฉ
- ูุณุจุฉ ุงููุจุงูู ุงูุชู ูู ุงููุญุชูู ุฃู ุชููู ูุฏ ุชุถุฑุฑุช ุฃู ุฏูุฑุช: 55.9 ุจุงููุงุฆุฉ
- ูุณุจุฉ ุงูููุงุฒู ุงูุชู ูุญุชูู ุฃู ุชุชุถุฑุฑ ูุน ุงุณุชูุฑุงุฑ ุงููุชุงู: ุฃูุซุฑ ูู 60 ุจุงููุงุฆุฉ
- ูุณุจุฉ ุงููุจุงูู ุงููุฏุฑุณูุฉ ุงููุชุถุฑุฑุฉ: 90 ุจุงููุงุฆุฉ
- ุงููุณุชุดููุงุช ุงูุนุงููุฉ: 10 ูู ุจูู 36
- ูุฏูููู ููุณุทููููู ููุงุฌููู ุงูุนุฏุงู ุงูุฃูู ุงูุบุฐุงุฆู ุงููุงุฑุซู ุจุญุณุจ ุงูุฃูู ุงููุชุญุฏุฉ: 1.1 ููููู
- ูุณุจุฉ ุฃุทูุงู ุดูุงู ุบุฒุฉ ุชุญุช ุณู ุงูุซุงููุฉ ุงูุฐูู ูุนุงููู ูู ุณูุก ุงูุชุบุฐูุฉ ุงูุญุงุฏ: 31 ุจุงููุงุฆุฉ
- ูุณุจุฉ ุงูุทูุงุจ ุงููุชุบูุจูู ุนู ุงูุฏุฑุงุณุฉ: 100 ุจุงููุงุฆุฉ
- ุงููุณุงุฌุฏ ุงููุชุถุฑุฑุฉ: 227
- ุงูููุงุฆุณ ุงููุชุถุฑุฑุฉ: 3
ุงููุตุงุจูู:
- ููุณุทููููู ูุตุงุจูู ูู ุบุฒุฉ ููุฐ 7 ุฃูุชูุจุฑ: 75750
- ููุณุทููููู ูุตุงุจูู ูู ุงูุถูุฉ ุงูุบุฑุจูุฉ ููุฐ 7 ุฃูุชูุจุฑ: 4750
- ุฌููุฏ ุฅุณุฑุงุฆููููู ูุตุงุจูู ููุฐ ุจุฏุงูุฉ ุงููุฌูู ุงูุจุฑู: 1549
- ูุฏูููู ุฅุณุฑุงุฆููููู ูุตุงุจูู ููู 7 ุฃูุชูุจุฑ: 4834
ุงููุงุฒุญูู:
- ููุณุทููููู ูุงุฒุญูู ุญุงููุง ูู ุบุฒุฉ: 1.7 ููููู (70 ุจุงููุงุฆุฉ ูู ุงูุณูุงู)
- ุฅุณุฑุงุฆููููู ูุงุฒุญูู ุญุงููุง ูู ููุงุทู ุณูุงููุฉ ุญุฏูุฏูุฉ: 90000 (ุฃูู ูู 1 ุจุงููุงุฆุฉ ูู ุงูุณูุงู)
ุงูุฑูุงุฆูยูุงูุฃุณุฑู
- ุฑูุงุฆู ุญูุงุณ ููู 7 ุฃูุชูุจุฑ: 253
- ุฑูุงุฆู ุงูุฐูู ูุง ุฒุงููุง ุนูู ููุฏ ุงูุญูุงุฉ ุฃู ูู ูุชู ุงูุชุฃูุฏ ูู ููุงุชูู: 98 ูู ุจูููู ุงุซูุงู ูุญุชุฌุฒุงู ูุจู 7 ุฃูุชูุจุฑ
- ููุงุฉ ูุคูุฏุฉ ูุฑูุงุฆู ูุฏู ุญูุงุณ: 36 ูู ุจูููู ุงุซูุงู ูุญุชุฌุฒุงู ูุจู 7 ุฃูุชูุจุฑ
- ุฑูุงุฆู ูุญุฑุฑูู: 123
- ุฃุณุฑู ููุณุทููููู ููุฑุฌ ุนููู ุฎูุงู ูุชุฑุฉ ุชููู ุงููุชุงู ููุฏุฉ ุฃุณุจูุน: 240
- ูุนุชูููู ูู ุงูุณุฌูู ุงูุฅุณุฑุงุฆูููุฉ:ยุชุฌุงูุฒ ุฅุฌูุงูู ุนุฏุฏ ุงููุนุชูููู ุงูููุณุทููููู ุฏุงุฎู ุงูุณุฌูู ุงูุฅุณุฑุงุฆูููุฉ 9100
ุงููุตุฏุฑ: RT + ุฃ ุจ"
3,ูุฑุงุณู RT ููุซู ูุดุงูุฏ ููุชู ุงููุณููุฑุงุช ุงูุฑูุณูุฉ ุจููุงุช ูุธุงู ูููู ุฃุซูุงุก ูุญุงููุฉ ุชูุฏู ุนูู ูุญูุฑ ุฃูุบููุฏุงุฑ,23:14 GMT,/web/20240405235307/https://arabic.rt.com/world/1553822-%D9%85%D8%B1%D8%A7%D8%B3%D9%84-rt-%D9%8A%D9%88%D8%AB%D9%82-%D9%85%D8%B4%D8%A7%D9%87%D8%AF-%D9%84%D9%81%D8%AA%D9%83-%D8%A7%D9%84%D9%85%D8%B3%D9%8A%D8%B1%D8%A7%D8%AA-%D8%A7%D9%84%D8%B1%D9%88%D8%B3%D9%8A%D8%A9-%D8%A8%D9%82%D9%88%D8%A7%D8%AA%D8%A3%D9%88%D8%BA%D9%84%D9%8A%D8%AF%D8%A7%D8%B1/,"ุฃุธูุฑ ุงููุฑุงุณู ุงูุนุณูุฑู ูู RT ูู ููุทุน ููุฏูู ุชุนุฑุถ ุงูููุงุช ุงูุฃููุฑุงููุฉ ูู ุงุชุฌุงู ูุฏููุฉ ุฃูุบููุฏุงุฑ ููุฌูู ุจูุณูุฑุงุช ุฑูุณูุฉ ุจุนุฏ ูุญุงููุฉ ูุงุดูุฉ ูููุง ููุงูุชุฑุงุจ ูู ุชุญุตููุงุช ุงูููุงุช ุงูุฑูุณูุฉ.

ูุฃูุถุญ ุงููุฑุงุณู ุงูุนุณูุฑู ูู RT ุฃููุณูุฏุฑ ูุงุฑููุดูู: ""ุญุงูู ุงูุฌูุด ุงูุฃููุฑุงูู ูู ุงุชุฌุงู ุฃูุบููุฏุงุฑ ุชูููุฐ ุฎุทุฉ ุฌุฑูุฆุฉ ูููููุง ุบุจูุฉ ููุบุงูุฉุ ูุชุนุฑุถ ููุฌูู ูู ุงูููุงุช ุงูุฑูุณูุฉ"".
ูุฃุถุงู: ""ุญุงูููุง ุจุงุณุชุฎุฏุงู ุขููุงุช ุนุณูุฑูุฉ ูู ููุงุทู ููุชูุญุฉ ุงูุฏุฎูู ุฅูู ููุงูุน ูุญุฏุงุช ุงููุฌููุนุฉ ุงูุฌููุจูุฉ ููู ูู ุฎุทุทูู ูุดูุช ูุชูุจุฏูุง ุฎุณุงุฆุฑ ูุงุฏุญุฉ"".
ูุฐุง ูุตุฑุญ ูุงู ุบุงุบููุ ูุณุชุดุงุฑ ุฑุฆูุณ ุฌูููุฑูุฉ ุฏูููุชุณู ุงูุดุนุจูุฉ ุฏูููุณ ุจูุดููููุ ุจุฃู ุงูููุงุช ุงููุณูุญุฉ ุงูุฑูุณูุฉ ุฏุฎูุช ุถูุงุญู ูุฏููุฉ ุชุดุงุณูู ูุงุฑ ุงูุงุณุชุฑุงุชูุฌูุฉ ุงููุงูุนุฉ ุชุญุช ุงูุณูุทุฑุฉ ุงูุฃููุฑุงููุฉ.
ููุง ุฃุนููุช ูุฒุงุฑุฉ ุงูุฏูุงุน ุงูุฑูุณูุฉ ููู ุงูุฌูุนุฉ ุฃู ููุงุชูุง ุดูุช ุฎูุงู ุงูุฃุณุจูุน ุงููุงุถู 39 ุถุฑุจุฉ ููุซูุฉ ุจุงุณุชุฎุฏุงู ูุฎุชูู ุฃููุงุน ุงูุฃุณูุญุฉ ูููุดุขุช ูุทุงุน ุงูุทุงูุฉ ูููุงูุน ุนุณูุฑูุฉ ูู ุฃููุฑุงููุง.
ุงููุตุฏุฑ: RT"
4,ุชุฑููุง ุชุญุธุฑ ุนูู ููุงุทูู ุทุงุฌููุณุชุงู ุฏุฎูู ุฃุฑุงุถููุง ุจุฏูู ุชุฃุดูุฑุฉ,23:01 GMT,/web/20240405235307/https://arabic.rt.com/world/1553821-%D8%AA%D8%B1%D9%83%D9%8A%D8%A7-%D8%AA%D9%85%D9%86%D8%B9-%D8%AF%D8%AE%D9%88%D9%84-%D9%85%D9%88%D8%A7%D8%B7%D9%86%D9%8A-%D8%B7%D8%A7%D8%AC%D9%8A%D9%83%D8%B3%D8%AA%D8%A7%D9%86-%D8%A5%D9%84%D9%89-%D8%A3%D8%B1%D8%A7%D8%B6%D9%8A%D9%87%D8%A7-%D8%A8%D8%AF%D9%88%D9%86-%D8%AA%D8%A3%D8%B4%D9%8A%D8%B1%D8%A9/,"ูุดุฑุช ุฌุฑูุฏุฉ Resmi Gazete ุงูุชุฑููุฉ ุงูุฑุณููุฉ ูุฑุณููุง ูููุน ุฏุฎูู ููุงุทูู ุทุงุฌููุณุชุงู ุฅูู ุชุฑููุง ุจุฏูู ุชุฃุดูุฑุฉ.
ูุฌุงุก ูู ุงููุฑุณูู ุงูุฐู ููุนู ุงูุฑุฆูุณ ุงูุชุฑูู ุฑุฌุจ ุทูุจ ุฃุฑุฏูุบุงู: ""ุชู ุงุชุฎุงุฐ ูุฑุงุฑ ุจุฅูุบุงุก ูุธุงู ุงูุฅุนูุงุก ูู ุงูุชุฃุดูุฑุฉ ูููุงุทูู ุทุงุฌููุณุชุงู ุงูุฐูู ูุฏุฎููู ุชุฑููุง ุจุงุณุชุฎุฏุงู ุฌูุงุฒ ุณูุฑ ุนุงู"".
ููู ูุฃุช ุงููุฑุณูู ุนูู ุฐูุฑ ุฃุณุจุงุจ ุงุชุฎุงุฐ ูุฐุง ุงููุฑุงุฑ.
ูุฐูุฑุช ูุณุงุฆู ุฅุนูุงู ุชุฑููุฉ ูู ููุช ุณุงุจู ุฃู ุงุซููู ูู ูููุฐู ูุฌูู ""ูุฑูููุณ"" ุงูุฅุฑูุงุจู ุฒุงุฑุง ุงุณุทูุจูู ูู ุงููุชุฑุฉ ูู ููุงูุฑ ุฅูู ูุงุฑุณ ูุฃูุงูุง ูู ููุงุฏูุ ูููู ูุง ูุฒุงู ุบูุฑ ูุนุฑูู ูุง ุงูุฐู ูุนูุงู ูุจู ุนุฏุฉ ุฃูุงู ูู ูุบุงุฏุฑุชููุง.
ุงููุตุฏุฑ: ููููุณุชู"
5,"""ุงูููุงููุฉ ุงูุฅุณูุงููุฉ ูู ุงูุนุฑุงู"" ุชูุดู ุนู ุนูููุชูู ููุฐุชููุง ููู ุงูุฃุฑุจุนุงุก",22:52 GMT,/web/20240405235307/https://arabic.rt.com/middle_east/1553815-%D8%A7%D9%84%D9%85%D9%82%D8%A7%D9%88%D9%85%D8%A9-%D8%A7%D9%84%D8%A5%D8%B3%D9%84%D8%A7%D9%85%D9%8A%D8%A9-%D9%81%D9%8A-%D8%A7%D9%84%D8%B9%D8%B1%D8%A7%D9%82-%D8%AA%D9%83%D8%B4%D9%81-%D8%B9%D9%86-%D8%B9%D9%85%D9%84%D9%8A%D8%AA%D9%8A%D9%86-%D9%86%D9%81%D8%B0%D8%AA%D9%87%D9%85%D8%A7-%D9%8A%D9%88%D9%85-%D8%A7%D9%84%D8%A3%D8%B1%D8%A8%D8%B9%D8%A7%D8%A1/,"ุฃุนููุช ""ุงูููุงููุฉ ุงูุฅุณูุงููุฉ ูู ุงูุนุฑุงู"" ูุฌุฑ ุงูููู ุงูุณุจุช ุงุณุชูุฏุงููุง ูุฏูุง ุนุณูุฑูุง ูู ุงูุฌููุงู ุงููุญุชู ุจุงูุทูุฑุงู ุงููุณููุฑุ ูุคูุฏุฉ ุงุณุชูุฑุงุฑูุง ูู ุนูููุงุชูุง.
ููู ุจูุงู ููุงุ ูุงูุชย""ุงูููุงููุฉ ุงูุฅุณูุงููุฉ ูู ุงูุนุฑุงู"": ""ุงุณุชูุฑุงุฑุง ุจููุฌูุง ูู ููุงููุฉ ุงูุงุญุชูุงูุ ููุตุฑุฉ ูุฃูููุง ูู ุบุฒุฉุ ูุฑุฏุง ุนูู ุงููุฌุงุฒุฑ ุงูุชู ูุฑุชูุจูุง ุงูููุงู ุงูุบุงุตุจ ุจุญู ุงููุฏูููู ุงูููุณุทููููู ูู ุฃุทูุงู ููุณุงุก ูุดููุฎุ ุงุณุชูุฏู ูุฌุงูุฏู ุงูููุงููุฉ ุงูุฅุณูุงููุฉ ูู ุงูุนุฑุงู ููู ุงูุฃุฑุจุนุงุกุ ูุฏูุง ุนุณูุฑูุง ูู ุงูุฌููุงู ุงููุญุชู ุจูุงุณุทุฉ ุงูุทูุฑุงู ุงููุณูุฑ"".
ููุง ูุงูุช ูู ุจูุงู ุซุงู ูุฌุฑ ุงูุณุจุชุ ุฅููุง ""ุงุณุชูุฏูุช ููู ุงูุฃุฑุจุนุงุก ูุฏูุง ุญูููุง ูู ุงูุฃุฑุงุถู ุงููุญุชูุฉ ุจูุงุณุทุฉ ุงูุณูุงุญ ุงูููุงุณุจ"".
ููุงูุช ูุตุงุฆู ุงูููุงููุฉ ูู ุงูุนุฑุงู ูุฏ ุชุจูุช ุจูู ุงูุญูู ูุงูุขุฎุฑยูุตู ููุงุทู ูู ุฅูุณุฑุงุฆููุยูููุงุนุฏ ุฃูุฑูููุฉ ูู ุณูุฑูุง ูุงูุนุฑุงู ุฑุฏุง ุนูู ุงูุญุฑุจ ุงูุฅุณุฑุงุฆูููุฉ ุงููุฏูุฑุฉ ุนูู ูุทุงุน ุบุฒุฉ.
ููุงยุญุฐุฑุช ุงููุตุงุฆู ุงูููุงูุงุช ุงููุชุญุฏุฉ ูู ุฃููุงยุณุชุฒูุฏ ุนุฏุฏ ุงูุนูููุงุช ุงููุณูุญุฉยุฑุฏุง ุนูู ""ููุงุตูุฉ ูุงุดูุทู ุชูุฏูู ุงููุณุงุนุฏุฉ ุงูุนุณูุฑูุฉ ููุฌูุด ุงูุฅุณุฑุงุฆููู ุงูุฐู ููุชู ุงููุฏูููู ูู ูุทุงุน ุบุฒุฉ ูุฌููุจ ูุจูุงู"".
ุงููุตุฏุฑ: RT
"
6,"ุงููุณุชุดุงุฑ ุงูููุณุงูู ูุนูู ุนุฏู ุชุฃููุฏู ูุณูุงุณุฉ ูุงูุฑูู ""ุบูุฑ ุงูููุถุจุทุฉ"" ุจุดุฃู ุฅููุงุก ุงูุญุฑุจ ูู ุฃููุฑุงููุง",22:46 GMT,/web/20240405235307/https://arabic.rt.com/world/1553816-%D8%A7%D9%84%D9%85%D8%B3%D8%AA%D8%B4%D8%A7%D8%B1-%D8%A7%D9%84%D9%86%D9%85%D8%B3%D8%A7%D9%88%D9%8A-%D9%8A%D8%B9%D9%84%D9%86-%D8%B9%D8%AF%D9%85-%D8%AA%D8%A3%D9%8A%D9%8A%D8%AF%D9%87-%D9%84%D8%B3%D9%8A%D8%A7%D8%B3%D8%A9-%D9%85%D8%A7%D9%83%D8%B1%D9%88%D9%86-%D8%BA%D9%8A%D8%B1-%D8%A7%D9%84%D9%85%D9%86%D8%B6%D8%A8%D8%B7%D8%A9-%D8%A8%D8%B4%D8%A3%D9%86-%D8%A5%D9%86%D9%87%D8%A7%D8%A1-%D8%A7%D9%84%D8%AD%D8%B1%D8%A8-%D9%81%D9%8A-%D8%A3%D9%88%D9%83%D8%B1%D8%A7%D9%86%D9%8A%D8%A7/,"ุฃูุฏ ุงููุณุชุดุงุฑ ุงูููุณุงูู ูุงุฑู ูููุงูุฑ ุฃูู ูุง ูุชูู ุจุดูู ูุงูู ูุน ุชุตุฑูุญุงุช ุงูุฑุฆูุณ ุงููุฑูุณู ุฅููุงูููู ูุงูุฑูู ุญูู ุนุฏู ุงุณุชุจุนุงุฏ ุฅุฑุณุงู ููุงุช ุฅูู ุฃููุฑุงููุงุ ูุงุนุชุจุฑ ุฃูู ูู ุงูุถุฑูุฑู ุชุฌูุจ ุชุตุนูุฏ ุงูุชูุชุฑ.
ููุงู ูููุงูุฑ ูู ููุงุจูุฉ ูุน ุตุญููุฉ ""ููููุบุงุฑู"": ""ูุญู ูุชูููู ุนูู ูุฏู ุชุญููู ุงูุณูุงู ุงูุฏุงุฆู. ูุชุฎุชูู ููุงูููุง ูู ุงุฎุชูุงุฑ ุงูุทุฑูู ูุชุญููู ูุฐุง ุงููุฏู. ุฃูุง ูุน ุงููุจุฏุฃ ุงูุงุญุชุฑุงุฒู. ูุงูุฑุฆูุณ ุงููุฑูุณู ูู ูุคูุฏู ูุจุฏุฃ ุงูุฑุฏุน. ููุจุฏู ุฃู ุจุนุถ ุงูุนูุงุตุฑ ูููุนุฉ ุนูุฏูุง ูุฑู ุงูุดุฑุงุณุฉ ุงูุชู ุชุชุนุงูู ุจูุง ุฑูุณูุงุ ููููู ุฃุนุชูุฏ ุฃูู ูู ุงูุถุฑูุฑู ุงุชุจุงุน ุงููุจุฏุฃ ุงูุงุญุชุฑุงุฒู ูุชุฌูุจ ุงูุชุตุนูุฏ ุบูุฑ ุงูููุถุจุท"".
ูุฃุถุงู: ""ูุญู ูุดุงุฑู ูุฌูุฉ ุงููุธุฑ ูููุง ูุชุนูู ุจุงูุฏุนู ูุงูุชุถุงูู ูุน ุฃููุฑุงููุง. ููุนุชุจุฑ ุฃูุถุง ุฃูู ูู ุงูุถุฑูุฑู ุฃู ุชููู ููุงู ุตูุบุฉ ุชุชููู ูููุง ุฃุทุฑุงู ุงููุฒุงุน ูู ุงูุญูุงุฑ ูุน ุจุนุถูุง ุงูุจุนุถ ูุฑุฉ ุฃุฎุฑู. ูุฎุทุฉ ุงูุณูุงู ุงูุชู ุทุฑุญูุง [ุงูุฑุฆูุณ ุงูุฃููุฑุงูู] ููุงุฏูููุฑ ุฒููููุณูู ุชุถุน ุงูุฃุณุงุณ ูุฐูู"".
ูุตุฑุญ ุงูุฑุฆูุณ ุงููุฑูุณู ุฅููุงูููู ูุงูุฑูู ูู 26 ูุจุฑุงูุฑ ุฃูู ุฎูุงู ุงุฌุชูุงุน ูู ุจุงุฑูุณ ุจูุดุงุฑูุฉ ููุซููู ุนู ุญูุงูู 20 ุฏููุฉ ุบุฑุจูุฉุ ุชู ุงูุชุทุฑู ุฅูู ููุถูุน ุงูุฅุฑุณุงู ุงููุญุชูู ูููุงุช ุฅูู ุฃููุฑุงููุง. ูุฃุดุงุฑ ุฅูู ุฃู ุงููุดุงุฑููู ูู ูุชูุตููุง ุฅูู ุชูุงูู ุญูู ูุฐู ุงููุถูุฉุ ูููู ูุง ูููู ุงุณุชุจุนุงุฏ ูุซู ูุฐุง ุงูุณููุงุฑูู ูู ุงููุณุชูุจู.
ูุจุนุฏ ุงูุงุฌุชูุงุนุ ูุงู ููุซูู ูุนุธู ุงูุฏูู ุงููุดุงุฑูุฉุ ุจูุง ูู ุฐูู ุจูููุฏุงุ ุฅูู ููุณ ูุฏููู ุฎุทุท ูุฅุฑุณุงู ุนุณูุฑููู ุฅูู ุฃููุฑุงููุง.
ุงููุตุฏุฑ: ููููุณุชู"
7,ุฃูุทูููู: ุฑูุณูุง ุณุชุฏุฑุณ ุฃู ุนุฑุถ ุฃูุฑููู ููุฏู ููุง ุญูู ุชุจุงุฏู ุงููุนุชูููู,22:38 GMT,/web/20240405235307/https://arabic.rt.com/world/1553812-%D8%A3%D9%86%D8%B7%D9%88%D9%86%D9%88%D9%81-%D8%B1%D9%88%D8%B3%D9%8A%D8%A7-%D8%B3%D8%AA%D8%AF%D8%B1%D8%B3-%D8%A7%D9%84%D8%B9%D8%B1%D8%B6-%D8%A7%D9%84%D8%A3%D9%85%D8%B1%D9%8A%D9%83%D9%8A-%D8%AD%D9%88%D9%84-%D8%AA%D8%A8%D8%A7%D8%AF%D9%84-%D8%A7%D9%84%D9%85%D8%B9%D8%AA%D9%82%D9%84%D9%8A%D9%86-%D8%A5%D9%86-%D9%88%D8%AC%D8%AF/,
8,"""ุณู ุฅู ุฅู"": ุญูุงุณ ุชุฑูุถ ุงูููุชุฑุญ ุงูุฅุณุฑุงุฆููู ุงูุฃุฎูุฑ ุจุดุฃู ุตููุฉ ุงูุฑูุงุฆู",22:19 GMT,/web/20240405235307/https://arabic.rt.com/middle_east/1553813-%D8%B3%D9%8A-%D8%A5%D9%86-%D8%A5%D9%86-%D8%AD%D9%85%D8%A7%D8%B3-%D8%B1%D9%81%D8%B6%D8%AA-%D8%A7%D9%84%D9%85%D9%82%D8%AA%D8%B1%D8%AD-%D8%A7%D9%84%D8%A5%D8%B3%D8%B1%D8%A7%D8%A6%D9%8A%D9%84%D9%8A-%D8%A7%D9%84%D8%A3%D8%AE%D9%8A%D8%B1-%D8%A8%D8%B4%D8%A3%D9%86-%D8%B5%D9%81%D9%82%D8%A9-%D8%A7%D9%84%D8%B1%D9%87%D8%A7%D8%A6%D9%86/,"ูุงู ูุตุฏุฑ ุฏุจูููุงุณู ูููุงุฉ ""ุณู ุฅู ุฅู"" ุงูุฃูุฑูููุฉ ุฅู ููุฏ ุญุฑูุฉ ""ุญูุงุณ"" ุฅูู ููุงูุถุงุช ุงููุงูุฑุฉ ุญูู ุตููุฉ ุชุจุงุฏู ุงููุญุชุฌุฒูู ูุน ุฅุณุฑุงุฆูู ุฑูุถ ุงูููุชุฑุญ ุงูุฅุณุฑุงุฆููู ุงูุฃุฎูุฑ.
ููููุช ""ุณู ุฅู ุฅู"" ุนู ุงูุฏุจูููุงุณูุ ุงูุฐู ููุงู ุฅูู ูุทูุน ุนูู ุณูุฑ ุงูููุงูุดุงุชุ ุฏูู ุฃู ูุฐูุฑ ุงุณููุ ูููู: ""ุฅููู ุฑูุถูุง (ุงูููุชุฑุญ) ูุงุนุชุจุฑูุง ุฃูู ุฃุบูู ูุทุงูุจูู"".
ูุฃุถุงู ุฃู ""ุญูุงุณ"" ุงุนุชุจุฑุช ุฃู ุงูููุชุฑุญ ุงูุฅุณุฑุงุฆููู ""ูู ูุชุถูู ุฃู ุดูุก ุฌุฏูุฏุ ูุจุงูุชุงูู ูุง ุชุฑู ุงูุญุฑูุฉ ุฃู ุถุฑูุฑุฉ ูุชุบููุฑ ููุชุฑุญูุง"".
ููุฌู ุงูููุชุฑุญ ุงูุฅุณุฑุงุฆููู ุฅูู ""ุญูุงุณ"" ูู ููุช ุณุงุจู ูู ูุฐุง ุงูุฃุณุจูุน. ููุงู ุงูุฏุจูููุงุณู ุฅู ุงูููุชุฑุญ ูู ูุชุถูู ุงูููุงููุฉ ุนูู ุงุซููู ูู ูุทุงูุจ ""ุญูุงุณ"" ุงูุฑุฆูุณูุฉุ ููุง ุนูุฏุฉ ุงููุงุฒุญูู ุงูุบุฒููู ุฅูู ุดูุงู ุงููุทุงุน ุฏูู ุฃู ูููุฏ ูุงูุณุญุงุจ ุงูููุงุช ุงูุฅุณุฑุงุฆูููุฉ.
ููุงู ุงูููุงุฏู ูู ุญุฑูุฉ ""ุญูุงุณ"" ุฃุณุงูุฉ ุญูุฏุงูุ ููู ุงูุฎููุณุ ุฅู ูููู ุงูุญุฑูุฉ ูู ูุชุบูุฑ ููุฐ ููู ุงููุทุงูุจ ุงูุฑุฆูุณูุฉ ุฅูู ุงููุณุทุงุก ูู 14 ูุงุฑุณ.
ูุฃุถุงู ุญูุฏุงู ุฃู ุงูุฌููุฉ ุงูุฃุฎูุฑุฉ ูู ุงูููุงูุถุงุช ูู ุงููุงูุฑุฉ ูุฐุง ุงูุฃุณุจูุน ูู ุชุญูู ุฃู ุชูุฏู.
ููุฃุชู ุฐูู ูู ุงูููุช ุงูุฐู ูุชููุน ููู ุฃู ููุชูู ูุฏูุฑ ููุงูุฉ ุงูุงุณุชุฎุจุงุฑุงุช ุงููุฑูุฒูุฉ ุงูุฃูุฑูููุฉ ููููุงู ุจูุฑูุฒ ุจูุฏูุฑ ""ุงูููุณุงุฏ"" ุฏุงููุฏ ุจุฑููุงุน ููุฏูุฑ ""ุงูุดุงุจุงู"" ุฑูููู ุจุงุฑ ููุงูุฉ ุงูุฃุณุจูุน ูู ูุตุฑ ูููุงุตูุฉ ุงูููุงูุถุงุช ุญูู ุงูุตููุฉ ุงููุญุชููุฉ.
ููุดุงุฑ ุฅูู ุฃู ููุงุกูู ุงูุณุงุจู ุจุงููุณุทุงุก ูู ุงูุฏูุญุฉ ุงูุดูุฑ ุงููุงุถู ูู ูุณูุฑ ุนู ุฃู ุชูุฏู ููููุณ.

ุงููุตุฏุฑ: ""ุณู ุฅู ุฅู"""
9,ุจุงูุฏู ูุญุซ ุงูุณูุณู ูุงูุดูุฎ ุชููู ุนูู ุงูุถุบุท ุนูู ุญูุงุณ ูุฅุจุฑุงู ุงุชูุงู ุจุดุฃู ุงูุฑูุงุฆู ุงูุฅุณุฑุงุฆููููู ูู ุบุฒุฉ,22:17 GMT,/web/20240405235307/https://arabic.rt.com/world/1553809-%D8%A8%D8%A7%D9%8A%D8%AF%D9%86-%D8%A7%D9%84%D8%B3%D9%8A%D8%B3%D9%8A-%D8%A7%D9%84%D8%B4%D9%8A%D8%AE-%D8%AA%D9%85%D9%8A%D9%85-%D8%AD%D9%85%D8%A7%D8%B3-%D8%A7%D8%AA%D9%81%D8%A7%D9%82-%D8%A7%D9%84%D8%B1%D9%87%D8%A7%D8%A6%D9%86-%D8%A7%D9%84%D8%A5%D8%B3%D8%B1%D8%A7%D8%A6%D9%8A%D9%84%D9%8A%D9%8A%D9%86-%D8%BA%D8%B2%D8%A9/,"ูุงู ูุณุคูู ุจุงุฑุฒ ูู ุงูุฅุฏุงุฑุฉ ุงูุฃูุฑูููุฉ ุฅู ุงูุฑุฆูุณ ุฌู ุจุงูุฏู ุจุนุซ ููู ุงูุฌูุนุฉ ุจุฑุณุงูุชูู ุฅูู ุงูุฑุฆูุณ ุงููุตุฑู ูุฃููุฑ ูุทุฑ ูุฏุนูููุง ููููุง ุฅูู ุงูุถุบุท ุนูู ุญูุงุณ ูุฅุจุฑุงู ุงุชูุงู ุจุดุฃู ุงูุฑูุงุฆู ุงูุฅุณุฑุงุฆููููู.
ูุฃุถุงู ุงููุณุคูู ุงูุฐู ุงุดุชุฑุท ุงูุชูุชู ุนู ูููุชู ูููุงูุดุชู ุฑุณุงุฆู ุฎุงุตุฉุ ุฅู ูุณุชุดุงุฑ ุงูุฃูู ุงููููู ูุจุงูุฏู ุณูุฌุชูุน ููู ุงูุงุซููู ูุน ุฃูุฑุงุฏ ุนุงุฆูุงุช ุจุนุถ ุงูุฑูุงุฆู ุงูุฐูู ููุฏุฑ ุนุฏุฏูู ุจูุญู 100 ุฑูููุฉ ููุนุชูุฏ ุฃููู ูุง ุฒุงููุง ูู ุบุฒุฉ.
ูุฌุงุกุช ุงูุฑุณุงูุฉ ุจุนุฏ ููู ูุงุญุฏ ูู ุฏุนูุฉ ุจุงูุฏู ุฑุฆูุณ ุงููุฒุฑุงุก ุงูุฅุณุฑุงุฆููู ุจููุงููู ูุชููุงูู ุฅูู ูุถุงุนูุฉ ุงูุฌููุฏ ููุชูุตู ุฅูู ุงุชูุงู ูููู ุฅุทูุงู ุงููุงุฑ ูู ุงูุญุฑุจ ุงููุณุชูุฑุฉ ููุฐ ุณุชุฉ ุฃุดูุฑ ูู ุบุฒุฉ.
ููุง ุชุฃุชู ุงูุฑุณุงูุชุงู ุงูููุฌูุชุงู ุฅูู ุงูุฑุฆูุณ ุงููุตุฑู ุนุจุฏ ุงููุชุงุญ ุงูุณูุณู ูุฃููุฑ ูุทุฑ ุงูุดูุฎ ุชููู ุจู ุญูุฏ ุขู ุซุงููุ ูู ุงูููุช ุงูุฐู ุฃููุฏ ููู ุจุงูุฏู ูุฏูุฑ ููุงูุฉ ุงูุงุณุชุฎุจุงุฑุงุช ุงููุฑูุฒูุฉ ููููุงู ุจูุฑูุฒ ุฅูู ุงููุงูุฑุฉ ูุฅุฌุฑุงุก ูุญุงุฏุซุงุช ููุงูุฉ ุงูุฃุณุจูุน ุงูุฌุงุฑู ุญูู ุฃุฒูุฉ ุงูุฑูุงุฆู.
ููุดูุฑ ูุณุคูููู ูู ุงูุจูุช ุงูุฃุจูุถ ุฅูู ุฃู ุงูุชูุงูุถ ุนูู ููู ุงููุชุงู ุจูู ุฅุณุฑุงุฆูู ูุญูุงุณ ูุชุณููู ุชุจุงุฏู ุงูุฑูุงุฆู ุงููุญุชุฌุฒูู ูู ุบุฒุฉ ุจุงูุณุฌูุงุก ุงูููุณุทููููู ุงููุญุชุฌุฒูู ูู ุฅุณุฑุงุฆูู ูู ุงูุณุจูู ุงููุญูุฏ ูุชูููุฐ ููู ูุคูุช ูุฅุทูุงู ุงููุงุฑุ ูุชุนุฒูุฒ ุชุฏูู ุงููุณุงุนุฏุงุช ุงูุฅูุณุงููุฉ ุงูุชู ุชุดุชุฏ ุงูุญุงุฌุฉ ุงูููุง ูู ุงููุทุงุน.
ูุฐุงุ ููุงูยุงููุชุญุฏุซ ุจุงุณู ุงูุฃูู ุงููููู ุจุงูุจูุช ุงูุฃุจูุถยุฌูู ููุฑุจู ูู ููุช ุณุงุจู ููู ุงูุฌูุนุฉุ ุฅู ุจุงูุฏู ุฃูุฏ ุนูู ุงูุญุงุฌุฉ ุฅูู ุฅุชูุงู ุงุชูุงู ุงูุฑูุงุฆู ูุฐูู ุฎูุงู ุงุชุตุงู ูุงุชูู ุงูุฎููุณ ูุน ูุชููุงูู.
ูุชุดูุฏ ุงููุญุงุฏุซุงุช ุชุนุซุฑุง ููุฐ ุฃุณุงุจูุน ูุชุชุจุงุฏู ุญูุงุณ ูุฅุณุฑุงุฆูู ุงูุงุชูุงูุงุช ุจุงููุฑุงูุบุฉ ูุงูุชุดุฏุฏ.
ูุฐุง ูุฃูุงุฏ ูุตุฏุฑ ุฏุจูููุงุณู ูููุงุฉ ""ุณู ุฅู ุฅู"" ุจุฃู ุญุฑูุฉ ุญูุงุณ ุฑูุถุช ุงูุงูุชุฑุงุญ ุงูุฃุฎูุฑ ุงูุฐู ุชูุฏูุช ุจู ุฅุณุฑุงุฆูู ูููู ุฅุทูุงู ุงููุงุฑ ูู ุงููุทุงุน.
ูุฃูุถุญ ุงููุตุฏุฑ: ""ููุฏ ุฑูุถูุง ูุฃู ุงูุงูุชุฑุงุญ ูู ููุจ ุจุนุถ ูุทุงูุจูู""ุ ูุถููุง ุฃู ุฅุณุฑุงุฆูู ูุง ุชุฑูุฏ ุงูุณูุงุญ ุจุนูุฏุฉ ุงููุฏูููู ุงูููุณุทููููู ุฅูู ุดูุงู ุบุฒุฉ ููุง ุฃููุง ูู ุชูุงูู ุนูู ุณุญุจ ููุงุชูุง ูู ุบุฒุฉ.
ุงููุตุฏุฑ: ุฃ ุจ +ย""ุณู ุฅู ุฅู"""
10,ูุณุชุซูุฑูู ูููุชููู ูุนุฑุถูู ุงูุงุณุชุญูุงุฐ ุนูู ุจูู ุงููุงูุฑุฉ ุงูุญูููู,21:54 GMT,/web/20240405235307/https://arabic.rt.com/business/1553810-%D8%B9%D8%B1%D8%B6-%D9%83%D9%88%D9%8A%D8%AA%D9%8A-%D9%84%D8%B4%D8%B1%D8%A7%D8%A1-%D8%A8%D9%86%D9%83-%D8%A7%D9%84%D9%82%D8%A7%D9%87%D8%B1%D8%A9/,
11,"ูููู ุชุชูู ูุงุดูุทู ูุจุฑููู ุจูุนุงุฑุถุฉ ุงูุถูุงููุง ุฅูู ""ุงููุงุชู""",21:48 GMT,/web/20240405235307/https://arabic.rt.com/world/1553800-%D9%83%D9%8A%D9%8A%D9%81-%D8%AA%D8%AA%D9%87%D9%85-%D9%88%D8%A7%D8%B4%D9%86%D8%B7%D9%86-%D9%88%D8%A8%D8%B1%D9%84%D9%8A%D9%86-%D8%A8%D9%85%D8%B9%D8%A7%D8%B1%D8%B6%D8%A9-%D8%A7%D9%86%D8%B6%D9%85%D8%A7%D9%85%D9%87%D8%A7-%D8%A5%D9%84%D9%89-%D8%A7%D9%84%D9%86%D8%A7%D8%AA%D9%88/,
12,ุตุญูู ูุตุฑู ููุดู ุจุนุถ ุฃุณุฑุงุฑ ุญูุงุฑู ูุน ุงูุฑุฆูุณ ุงูุฑุงุญู ุญุณูู ูุจุงุฑู (ููุฏูู),21:42 GMT,/web/20240405235307/https://arabic.rt.com/middle_east/1553807-%D8%A7%D9%84%D9%83%D8%A7%D8%AA%D8%A8-%D8%A7%D9%84%D8%B5%D8%AD%D9%81%D9%8A-%D9%85%D8%B5%D8%B1-%D9%85%D8%AC%D8%AF%D9%8A-%D8%A7%D9%84%D8%AC%D9%84%D8%A7%D8%AF-%D8%AD%D9%88%D8%A7%D8%B1-%D8%AD%D8%B3%D9%86%D9%8A-%D9%85%D8%A8%D8%A7%D8%B1%D9%83/,"ุฃูุฏ ุงููุงุชุจ ุงูุตุญูู ุงููุตุฑู ูุฌุฏู ุงูุฌูุงุฏุ ุฑุฆูุณ ุชุญุฑูุฑ ูุฌููุนุฉ ""ุฃููุง"" ููุตุญุงูุฉ ูุงูุฅุนูุงู ุฃู ุงูุฑุฆูุณ ุงูุฑุงุญูยุญุณูู ูุจุงุฑูยูู ููู ูุฑูุฏ ุชูุฑูุซ ุงูุญูู ููุฌูู ุฌูุงู ูุจุงุฑู.
ููุงูยูุฌุฏู ุงูุฌูุงุฏ ุฎูุงู ููุงุก ูุนยุจุฑูุงูุฌ ""ุฃุณุฑุงุฑ"" ุนูู ููุงุฉ ""ุงูููุงุฑ""ุ ุฅู ููุงู ุฃุทุฑุงูุง ุดุฏูุฏุฉ ุงูููุฉ ูุงููููุฐ ุญูู ุงูุฑุฆูุณ ุงูุฑุงุญูยุญุณูู ูุจุงุฑูยูุงูุช ุชุฑูุฏ ุชูุฑูุฑ ูุฎุทุท ุงูุชูุฑูุซ ุนูู ุฑุฃุณูู ุงูุณูุฏุฉ ุณูุฒุงู ูุจุงุฑูุ ููุฒูุฑ ุงูุฏุงุฎููุฉ ููุชูุง ุญุจูุจ ุงูุนุงุฏููุ ุจุงูุฅุถุงูุฉ ุฅูู ุฃุนุถุงุกยูุฌูุฉ ุงูุณูุงุณุงุช ุจุงูุญุฒุจ ุงููุทููยุฑุบู ูุนุงุฑุถุฉ ุงูููุงุก ุนูุฑ ุณูููุงู ููููุฑุฉุ ููู ูุง ูููู ูููุน ""ูุตุฑุงูู"".
ูุฃุถุงู ุงูุฌูุงุฏ ุฃู ููุงู ููุฏูุงุช ูุดูุงูุฏ ูุงูุช ุชุดูุฑ ุฃุบูุจูุง ุฅูู ุชูุฑูุฑ ุฎุทุฉ ุงูุชูุฑูุซ ุฑุบู ุงููุนุงุฑุถุฉ.
ูุตุฑุญ ุงูุตุญูู ุงููุตุฑู: ""ููุช ุฏุงุฎู ุงููุทุจุฎ ุงูุณูุงุณู ูุงูุฑุฆูุณ ูุจุงุฑู ุฃูุฏ ูู ุดุฎุตูุง ุฎูุงู ุญูุงุฑู ูุนู ุจุฃูู ูุง ุชูุฌุฏ ุฎุทุฉ ููุชูุฑูุซุ ุฌูุงู ุงุจูู ูุณูุณุงุนุฏููยููุณุงุนุฏูู ููุท ูู ุงูุญุฒุจ"".
ูุฃุดุงุฑ ุฅูู ุฃู ุงูุญูุงุฑุงุช ูุน ุงูุฑุคุณุงุก ุชุฎุถุน ูุนุฏุฏ ูู ุงูุจุฑูุชููููุงุช ุญูุซ ุชูุชุจ ูุชุฑุงุฌุน ูู ุงูุฑุฆุงุณุฉ ูุจู ุงูุชุตุฑูุญ ุจูุดุฑูุง ุฅุนูุงููุง.
ูุฃูุถุญ ุฃู ูุง ุฏุงุฑ ูู ุญูุงุฑ ูุน ุงูุฑุฆูุณ ุงูุฑุงุญู ูุจุงุฑู ูุงู ุชุตุฑูุญุง ุดุฎุตูุง ููุณ ูููุดุฑุ ูุจููุง ุฃู ""ุงูุฑุฆูุณ ูุงู ูู ุฃุณุฑุงุฑุง ุฃูุซุฑ ูู ุฐูู ุจูุซูุฑ ูุญูููุง ุชุญุฏุซ ุนู ุงูุชูุฑูุซ ููู ุงูุฑุฆูุณ ุฐูู ุจุดูู ูุงุทุน"".
ูููู ุงููุงุชุจ ุงูุตุญููยุงููุตุฑู ูุชุงุจุชู ููุฐูุฑุงุช ุฑุฌู ุงูุฃุนูุงู ุฃุญูุฏ ุนุฒ ูููู ูู ุนูุฑุถ ุนููู ูุชุงุจุชูุง ููู ูุชุฑุฏุฏ.
ูุฃุดุงุฑ ุฅูู ุฃู ""ุฃุญูุฏ ุนุฒ ูุงู ูุคุซุฑุง ูู ูุชุฑุฉ ุดุฏูุฏุฉ ุงูุฃูููุฉ ุฎูุงู ุนูุฏ ุงูุฑุฆูุณ ุงูุฑุงุญู ุญุณูู ูุจุงุฑู""ุ ูููุฏุง ุจุฃู ุชุฃุฑูุฎ ุงูุฃุญุฏุงุซ ููุซู ุชูู ุงูุดุฎุตูุงุช ุงููุคุซุฑุฉ ูู ูุตูุญุฉ ุงููุทู ูุงูุฃุฌูุงู ุงูููุจูุฉ.
ูุจูู ุงูุตุญูู ุงููุตุฑู ุฃู ุฃุญูุฏ ุนุฒ ูุง ูุณุนู ุญุงููุง ููุณูุทุฉ.
ุงููุตุฏุฑ: ูุณุงุฆู ุฅุนูุงู ูุตุฑูุฉ"
13,ูุณุงุฆู ุฅุนูุงู ุฅุณุฑุงุฆูููุฉ: ุงูุณูุงุญ ุจูุฑูุฑ ุงูุดุงุญูุงุช ุงูุฃุฑุฏููุฉ ุงููุญููุฉ ุจุงููุณุงุนุฏุงุช ุฅูู ุบุฒุฉ ุจุฑุง,21:36 GMT,/web/20240405235307/https://arabic.rt.com/world/1553806-%D9%88%D8%B3%D8%A7%D8%A6%D9%84-%D8%A5%D8%B9%D9%84%D8%A7%D9%85-%D8%A5%D8%B3%D8%B1%D8%A7%D8%A6%D9%8A%D9%84%D9%8A%D8%A9-%D8%A7%D9%84%D8%B3%D9%85%D8%A7%D8%AD-%D9%84%D9%84%D8%B4%D8%A7%D8%AD%D9%86%D8%A7%D8%AA-%D8%A7%D9%84%D8%A3%D8%B1%D8%AF%D9%86%D9%8A%D8%A9-%D8%A7%D9%84%D9%85%D8%AD%D9%85%D9%84%D8%A9-%D8%A8%D8%A7%D9%84%D9%85%D8%B3%D8%A7%D8%B9%D8%AF%D8%A7%D8%AA-%D8%A5%D9%84%D9%89-%D8%BA%D8%B2%D8%A9-%D8%A8%D8%A7%D9%84%D9%85%D8%B1%D9%88%D8%B1/,"ุฐูุฑุช ูุณุงุฆู ุฅุนูุงู ุฅุณุฑุงุฆูููุฉุ ูุณุงุก ููู ุงูุฌูุนุฉุ ุฃูู ุณูุชู ุงูุณูุงุญ ูุดุงุญูุงุช ุงูุฌูุด ุงูุฃุฑุฏูู ุงููุญููุฉ ุจุงููุณุงุนุฏุงุช ุงูุฅูุณุงููุฉ ุงููุชุฌูุฉ ุฅูู ูุทุงุน ุบุฒุฉ ุจุงููุฑูุฑ ุนุจุฑูุนุจุฑ ูุฑู ุฃุจู ุณุงูู ููุชูุชูุด.

ูุฃูุถุญุช ููุงุฉ ""ูุงู 11"" ุงูุฅุณุฑุงุฆูููุฉ ุฃูู ""ุณูุชู ุงูุณูุงุญ ููุดุงุญูุงุช ุงูุฃุฑุฏููุฉ ุงููุญููุฉ ุจุงููุณุงุนุฏุงุช ุงูุฅูุณุงููุฉ ุจุงููุฑูุฑ ุนุจุฑ ุงูุฃุฑุงุถู ุงูุฅุณุฑุงุฆูููุฉ"".
ูุฃุถุงูุช ุฃู ""ุงูุดุงุญูุงุช ุณุชูุฑ ุนุจุฑ ุฌุณุฑ ุงูููุจู ุซู ูุณูุญ ููุง ุจุงููุฑูุฑ ูุงููุตูู ุฅูู ุบุฒุฉ ูุจุงุดุฑุฉุ ุจุงุณุชุซูุงุก ุงูุชูุชูุด ูู ูุนุจุฑ ูุฑู ุฃุจู ุณุงูู"".
ูุฐุง ูุฏุนุง ูุฒูุฑ ุงูุฎุงุฑุฌูุฉ ุงูุฃุฑุฏูู ุฃููู ุงูุตูุฏูุ ุฅูู ูุชุญ ุฌููุน ุงููุนุงุจุฑ ุงูุจุฑูุฉ ูุน ุบุฒุฉ ูููู ุฅุทูุงู ุงููุงุฑ ูู ุงููุทุงุนุ ูุคูุฏุง ุฃู ""ุชุฌููุน ุงูุณูุงู ูุฌุจ ุฃู ููุชูู"".
ูุฐูุฑ ุฃู ููุชุจ ุฑุฆูุณ ุงููุฒุฑุงุก ุงูุฅุณุฑุงุฆููู ุจููุงููู ูุชููุงููุ ูุฏ ุฃุนูู ููู ุงูุฎููุณ ุฃูู ุณูุณูุญ ""ูุคูุชุง"" ุจูุตูู ุงููุณุงุนุฏุงุช ุงูุฅูุณุงููุฉ ุฅูู ุบุฒุฉ ุนุจุฑ ุญุฏูุฏูุง ูุน ุดูุงู ุงููุทุงุนุ ุญูุซ ุณูุนุงุฏ ูุชุญ ูุนุจุฑ ""ุฅูุฑูุฒ"" ูููุฑุฉ ุงูุฃููู ููุฐ 7 ุฃูุชูุจุฑ.
ููุง ูุฒุงู ุงูุฌูุด ุงูุฅุณุฑุงุฆููู ูุณุชูุฑุง ูู ูุตูู ุนูู ููุงุทู ูุฎุชููุฉ ูู ุงููุทุงุนุ ูุฎููุง ุฏูุงุฑุง ููุฌุงุนุฉ ุฃูุฏุช ุจุญูุงุฉ ุฃุทูุงู ููุณูููุ ููู ุจูุงูุงุช ููุณุทูููุฉ ูุฃูููุฉุ ุฑุบู ูุฑุงุฑ ูุฌูุณ ุงูุฃูู ุงูุฏููู ุงูุฏุงุนู ุฅูู ููู ููุฑู ูุฅุทูุงู ุงููุงุฑ.
ุงููุตุฏุฑ: RT +ยููุงุฉ ""ูุงู 11"" ุงูุฅุณุฑุงุฆูููุฉ"
14,"""ุจูููุจุฑุบ"": ุงูููุฏ ุชุชุณูู ุณูููุชูู ุญุฑุจูุชูู ุฑูุณูุชูู ุฑุบู ุงูุนููุจุงุช",21:29 GMT,/web/20240405235307/https://arabic.rt.com/world/1553802-%D8%A8%D9%84%D9%88%D9%85%D8%A8%D8%B1%D8%BA-%D8%A7%D9%84%D9%87%D9%86%D8%AF-%D8%B3%D8%AA%D8%AA%D8%B3%D9%84%D9%85-%D8%B3%D9%81%D9%8A%D9%86%D8%AA%D9%8A%D9%86-%D8%AD%D8%B1%D8%A8%D9%8A%D8%AA%D9%8A%D9%86-%D8%B1%D9%88%D8%B3%D9%8A%D8%AA%D9%8A%D9%86-%D8%B1%D8%BA%D9%85-%D8%A7%D9%84%D8%B9%D9%82%D9%88%D8%A8%D8%A7%D8%AA/,"ุฐูุฑุช ููุงูุฉ ""ุจูููุจุฑุบ""ุ ูููุง ุนู ูุณุคูููู ูุจุงุฑ ูู ุงูููุฏุ ุฃู ุงูุจุญุฑูุฉ ุงูููุฏูุฉ ุณุชุชุณูู ุณูููุชูู ุญุฑุจูุชูู ุฑูุณูุชู ุงูุตูุน ูู ุงูุฃุดูุฑ ุงูููููุฉ ุงูููุจูุฉ ุฑุบู ุงูุนููุจุงุช ุงูุชู ูุฑุถุชูุง ุงูุฏูู ุงูุบุฑุจูุฉ.

ูุฃูุถุญุช ""ุจูููุจุฑุบ"" ุฃู ""ุงูุตููุฉ ุดููุช ุฃุฑุจุน ุณููุ ูู ูุชู ุชุญุฏูุฏ ูุฆุชูุงุ ููู ุงููุญุชูู ุฃู ุชุชุณูู ุงูููุฏ ุงูุณูููุฉ ุงูุฃููู ูู ุณุจุชูุจุฑ 2024ุ ูุงูุซุงููุฉ ูู ุนุงู 2025"".
ูุดุงุฑ ุฅูู ุฃู ุฑูุณูุง ูุงูููุฏ ุฃุจุฑูุชุง ุตููุฉ ูุฅูุชุงุฌ ูุชูุฑูุฏ ุฃุฑุจุน ุณูู ุญุฑุจูุฉ ุฑูุณูุฉ ุงูุตูุน ููููุงุช ุงูููุฏูุฉ ูู ุนุงู 2018ุ ูุนูู ุงูุฑุบู ูู ุงูุนููุจุงุช ุงูุบุฑุจูุฉุ ูุฅู ุงูุงุชูุงู ูุง ูุฒุงู ุณุงุฑู ุงูููุนููุ ูุณุชุชุณูู ุงูููุฏ ุงูุณูู ุงูููุนูุฏุฉ ุจูุง.
ูุฐุง ูุฃูุฏ ุงูุณููุฑ ุงูุฑูุณู ูู ูููุฏููู ุฏูููุณ ุฃููุจููุ ูู ููุช ุณุงุจูุ ุฃู ุงูุนููุจุงุช ุงูุชู ูุฑุถุชูุง ุงูุฏูู ุงูุบุฑุจูุฉ ุนูู ููุณููุ ูู ุชุคุซุฑ ุนูู ูุณุงุฑ ุงูุชุนุงูู ุงูุงูุชุตุงุฏู ุจูู ุฑูุณูุง ูุงูููุฏ ูู ุงููุณุชูุจู.
ุงููุตุฏุฑ: RT +ยููุงูุฉ ""ุจูููุจุฑุบ"""
15,ุจุนุฏ ุฑูุณูุง .. ุจููุงุฑูุณ ุชููู ุงูุงูุณุญุงุจ ูู ุงุชูุงููุฉ ุงูููุงุช ุงููุณูุญุฉ ุงูุชูููุฏูุฉ ูู ุฃูุฑูุจุง,21:27 GMT,/web/20240405235307/https://arabic.rt.com/world/1553797-%D8%A8%D8%B9%D8%AF-%D8%B1%D9%88%D8%B3%D9%8A%D8%A7-%D8%A8%D9%8A%D9%84%D8%A7%D8%B1%D9%88%D8%B3-%D8%B9%D8%A7%D8%B2%D9%85%D8%A9-%D8%B9%D9%84%D9%89-%D8%A7%D9%84%D8%A7%D9%86%D8%B3%D8%AD%D8%A7%D8%A8-%D9%85%D9%86-%D8%A7%D8%AA%D9%81%D8%A7%D9%82%D9%8A%D8%A9-%D8%A7%D9%84%D9%82%D9%88%D8%A7%D8%AA-%D8%A7%D9%84%D9%85%D8%B3%D9%84%D8%AD%D8%A9-%D8%A7%D9%84%D8%AA%D9%82%D9%84%D9%8A%D8%AF%D9%8A%D8%A9-%D9%81%D9%8A-%D8%A7%D9%88%D8%B1%D9%88%D8%A8%D8%A7/,"ูุงู ุงูุฑุฆูุณ ุงูุจููุงุฑูุณู ุฃููุณูุฏุฑ ูููุงุดูููู ููู ุงูุฌูุนุฉ ุฅู ุจูุงุฏู ุณุชุนูู ูุดุงุฑูุชูุง ูู ูุนุงูุฏุฉ ุงูููุงุช ุงููุณูุญุฉ ุงูุชูููุฏูุฉ ูู ุฃูุฑูุจุง ุงูุชู ูุงูุช ุฐุงุช ููู ุนููุฏุฉ ุฃูููุฉ ุฑุฆูุณูุฉ ูููุงุฑุฉ.
ูุฏู ุงูุฑุฆูุณ ุฃููุณูุฏุฑ ูููุงุดูููู ุฅูู ุงูุจุฑููุงู ูุดุฑูุน ูุงููู ูุฏุนู ุฅูู ุชุนููู ุงููุนุงูุฏุฉ.
ูุชุถุน ุงููุนุงูุฏุฉุ ุงููููุนุฉ ุนุงู 1990ุ ูููุฏุง ุนูู ุงูุฏุจุงุจุงุช ูุงููุฑูุจุงุช ุงููุชุงููุฉ ูุงูุทุงุฆุฑุงุช ุงูุญุฑุจูุฉ ูุงููุฏูุนูุฉ ุงูุซูููุฉ ุงูุชู ูููู ูุดุฑูุง ูู ุฃูุฑูุจุง. ููุงู ูุฏููุง ุงูุญูุงุธ ุนูู ุงูุชูุงุฒู ุงูุนุณูุฑู ุจูู ุงูุบุฑุจ ูุงูุฏูู ุงูุชู ูุงูุช ุฌุฒุกุง ูู ุญูู ูุงุฑุณู ูู ุญูุจุฉ ุงูุญุฑุจ ุงูุจุงุฑุฏุฉ.
ููุน ุฐููุ ุงูุณุญุจุช ุฑูุณูุง ุจุงููุงูู ูู ุงููุนุงูุฏุฉ ุนุงู 2023ุ ูุฑุฏุช ุฏูู ุงููุงุชู ุงูุชู ูุงูุช ุฃุทุฑุงูุง ูููุง ุจุชุนููู ูุดุงุฑูุชูุง. ููู ุฎูุงู ุงูุงูุณุญุงุจ ูู ุงููุนุงูุฏุฉุ ุชุณุชุทูุน ุจููุงุฑูุณ ุชูุณูุน ุฌูุดูุง.
ุชุนูููุง ุนูู ุฐูู ูุฑู ุงููุญูู ุงูุนุณูุฑู ุงูุจููุงุฑูุณู ุฃููุณูุฏุฑ ุฃููุณูู ุฃู ุงูุณุญุงุจ ุจููุงุฑูุณ ูู ูุนุงูุฏุฉ ุงูููุงุช ุงููุณูุญุฉ ุงูุชูููุฏูุฉ ูู ุฃูุฑูุจุง ูุคุซุฑ ุนูู ุชูุงุฒู ุงูููู ูุงูุฃูู ูู ุงูููุทูุฉ ุงูุฃูุฑูุจูุฉ - ุงูุฃุทูุณูุฉ ุจุฃููููุงุ ููุฑุณู ุฅุดุงุฑุฉ ุฅูู ุงูุฏูู ุงูุบุฑุจูุฉ ุจุฃู ูููุณู ุชุนุชุฒู ุฃู ุชุตุจุญ ูุงุนุจุง ุนุณูุฑูุง ูุดุทุง ูู ุงูููุทูุฉ"".
ูุชุณุชุถูู ุจููุงุฑูุณ ุฃุณูุญุฉ ููููุฉ ุชูุชูููุฉ ุฑูุณูุฉุ ุฅูู ุฌุงูุจ ุตูุงุฑูุฎ ููุญุฏุงุช ุนุณูุฑูุฉ. ููุฏ ุงุณุชุฎุฏูุช ุฑูุณูุง ุงูุจูุงุฏ ูููุทุฉ ุงูุทูุงู ูุฅุฑุณุงู ููุงุช ุฅูู ุฃููุฑุงููุงุ ููู ุงูููุงุช ุงูุจููุงุฑูุณูุฉ ูู ุชุดุงุฑู ูู ุงูุญุฑุจ ุงูุชู ุฏุฎูุช ุงูุขู ุนุงููุง ุงูุซุงูุซ.
ุงููุตุฏุฑ: AP"
16,"ุงูุฎุงุฑุฌูุฉ ุงูุฑูุณูุฉ ุชุนูู ุนูู ุชูุงุฑูุฑ ""ููุฑูู ุจูููุณู"" ุญูู ูุฌูู ""ูุฑูููุณ ุณูุชู"" ุงูุฅุฑูุงุจู",21:25 GMT,/web/20240405235307/https://arabic.rt.com/russia/1553805-%D8%A7%D9%84%D8%AE%D8%A7%D8%B1%D8%AC%D9%8A%D8%A9-%D8%A7%D9%84%D8%B1%D9%88%D8%B3%D9%8A%D8%A9-%D8%AA%D8%B9%D9%84%D9%82-%D8%B9%D9%84%D9%89-%D8%AA%D9%82%D8%A7%D8%B1%D9%8A%D8%B1-%D9%81%D9%88%D8%B1%D9%8A%D9%86-%D8%A8%D9%88%D9%84%D9%8A%D8%B3%D9%8A-%D8%AD%D9%88%D9%84-%D9%87%D8%AC%D9%88%D9%85-%D9%83%D8%B1%D9%88%D9%83%D9%88%D8%B3-%D8%B3%D9%8A%D8%AA%D9%8A/,
17,ุงููุบุฑุจ.. ุฅุญุงูุฉ 3 ูู ุฑุฌุงู ุงูุดุฑุทุฉ ููููุงุจุฉ ุงูุนุงูุฉ ุจุณุจุจ ุชูุฑุทูู ูู ูุถุงูุง ูุณุงุฏ,21:01 GMT,/web/20240405235307/https://arabic.rt.com/middle_east/1553796-%D8%A7%D9%84%D9%85%D8%BA%D8%B1%D8%A8-%D8%A5%D8%AD%D8%A7%D9%84%D8%A9-3-%D9%85%D9%88%D8%B8%D9%81%D9%8A%D9%86-%D9%84%D9%84%D8%B4%D8%B1%D8%B7%D8%A9-%D8%B9%D9%84%D9%89-%D8%A7%D9%84%D9%86%D9%8A%D8%A7%D8%A8%D8%A9-%D8%A7%D9%84%D8%B9%D8%A7%D9%85%D8%A9-%D8%A8%D8%B3%D8%A8%D8%A8-%D8%AA%D9%88%D8%B1%D8%B7%D9%87%D9%85-%D9%81%D9%8A-%D9%82%D8%B6%D8%A7%D9%8A%D8%A7-%D9%81%D8%B3%D8%A7%D8%AF/,"ุฐูุฑุช ูุณุงุฆู ุฅุนูุงู ูุบุฑุจูุฉ ุฃู ุซูุงุซุฉ ุฑุฌุงู ุดุฑุทุฉ ุชูุช ุฅุญุงูุชูู ุนูู ุฃูุธุงุฑ ุงูููุงุจุฉ ุงูุนุงูุฉ ุจุงููุญููุฉ ุงูุงุจุชุฏุงุฆูุฉ ุจูุฏููุฉ ุณูุง ุบุฑุจ ุงูุจูุงุฏ ููุงุดุชุจุงู ูู ุฅูุดุงุก ุณุฑ ูููู ูุฑุดูุฉ.

ูุฃูุถุญุช ูุณุงุฆู ุฅุนูุงู ูุบุฑุจูุฉ ูููุง ุนู ูุตุงุฏุฑ ุฃูููุฉ ุฃู ""ุงููุฑูุฉ ุงููุทููุฉ ููุดุฑุทุฉ ุงููุถุงุฆูุฉ ูุฏ ุฃุญุงูุช ุงูุฌูุนุฉุ ูุงุฆุฏ ุญุฑุงุณ ุฃูู ููููู ุนู ุงูุนูู ูุนููุฏ ุดุฑุทุฉ ูุถุงุจุท ุฃููุ ุนูู ุฃูุธุงุฑ ุงูููุงุจุฉ ุงูุนุงูุฉ ุจุงููุญููุฉ ุงูุงุจุชุฏุงุฆูุฉ ุจูุฏููุฉ ุณูุงุ ูุฐูู ููุงุดุชุจุงู ูู ุชูุฑุทูู ูู ูุถูุฉ ุชุชุนูู ุจุฅูุดุงุก ุงูุณุฑ ุงููููู ูุงููุดุงุฑูุฉ ูู ุงูุฑุดูุฉ"".
ูุฐูุฑุช ุฃู ุงูุจุญุซ ุงูููุฌุฒ ูู ูุฐู ุงููุถูุฉุ ุฃูุฏ ""ุงูุงุดุชุจุงู ูู ุชูุฑุท ูุงุฆุฏ ุญุฑุงุณ ุงูุฃูู ุงูููููู ุนู ุงูุนูู ูู ุนูููุงุช ุงููุณุงุทุฉ ูุงุณุชุตุฏุงุฑ ุณูุฏุงุช ููุซุงุฆู ุฅุฏุงุฑูุฉ ููุงุฆุฏุฉ ุงูุบูุฑ ุจุฏูู ุญุถูุฑูู ุงูุดุฎุตูุ ููุงุจู ูุจุงูุบ ูุงููุฉุ ูุฐูู ุจุชูุงุทุค ูุน ููุธูู ุงูุดุฑุทุฉ ุงูููุงุฑุณูู ุงููุฐูู ูุนููุงู ุจูุฑูุฒ ุชุณุฌูู ุงููุนุทูุงุช ุงูุชุนุฑูููุฉ ุจูุฏููุฉ ุทูุฌุฉ"".
ููุง ุฃุดุงุฑุช ุงูุฃุจุญุงุซ ูุงูุชุญุฑูุงุช ุงูููุฌุฒุฉ ุฅูู ""ุฅุณุงุกุฉ ุงุณุชุฎุฏุงู ููุธูู ุงูุดุฑุทุฉ ุงูููููููู ูููุงุนุฏ ุงูุจูุงูุงุช ุงูููุถูุนุฉ ุฑูู ุฅุดุงุฑุชููุ ูู ุฃุฌู ุงูููุงู ุจุนูููุงุช ุชูููุท ุงูุฃุดุฎุงุต ุฎุงุฑุฌ ุฅุทุงุฑ ุงูุถูุงุจุท ุงูุฅุฏุงุฑูุฉ"".
ูุฐุง ูุชู ""ุฅูุฏุงุน ุงุซููู ูู ููุธูู ุงูุดุฑุทุฉ ุงูููููููู ุชุญุช ุชุฏุจูุฑ ุงูุญุฑุงุณุฉ ุงููุธุฑูุฉุ ุจูููุง ุชู ุงุฎุถุงุน ุงูููุธู ุงูุซุงูุซ ูุฅุฌุฑุงุกุงุช ุงูุจุญุซ ุงูุชูููุฏูุ ูุชุญุฏูุฏ ูุณุชูู ูุฏุฑุฌุฉ ุชูุฑุท ูู ูุงุญุฏ ูููู ูู ุงูุฃูุนุงู ุงูุฅุฌุฑุงููุฉ ุงููุฑุชูุจุฉุ ูุจู ุฃู ูุชู ุชูุฏูููู ุฃูุงู ุงูููุงุจุฉ ุงูุนุงูุฉ ุงููุฎุชุตุฉ"".
ุงููุตุฏุฑ: ูุณุงุฆู ุฅุนูุงู ูุบุฑุจูุฉ"
18,ููููู ุงูุฑุงุจุน.. ุงูุณูุทุงุช ุงููุตุฑูุฉ ุชูุงุตู ุฌููุฏูุง ูุงูุชุดุงู ุฌุซูุงู ุดุงุจ ุณูุท ุฏุงุฎู ุจุฆุฑ ูู ุงููููุง,20:42 GMT,/web/20240405235307/https://arabic.rt.com/middle_east/1553793-%D9%85%D8%B5%D8%B1-%D8%A5%D8%AE%D8%B1%D8%A7%D8%AC-%D8%AC%D8%AB%D9%85%D8%A7%D9%86-%D8%B4%D8%A7%D8%A8-%D8%AA%D9%88%D9%81%D9%8A-%D8%B9%D9%82%D8%A8-%D8%B3%D9%82%D9%88%D8%B7%D9%87-%D8%AF%D8%A7%D8%AE%D9%84-%D8%A8%D8%A6%D8%B1-%D9%81%D9%8A-%D8%A7%D9%84%D9%85%D9%86%D9%8A%D8%A7/,
19,ุฅุฌูุงุก ุฃูุซุฑ ูู 10 ุขูุงู ุดุฎุต ูู ููุทูุฉ ุงูููุถุงูุงุช ูู ูุฏููุฉ ุฃูุฑุณู ุงูุฑูุณูุฉ (ููุฏูู),20:41 GMT,/web/20240405235307/https://arabic.rt.com/russia/1553790-%D8%A3%D9%83%D8%AB%D8%B1-%D9%85%D9%86-10-%D8%A2%D9%84%D8%A7%D9%81-%D8%B4%D8%AE%D8%B5-%D9%8A%D8%AA%D9%85-%D8%A5%D8%AC%D9%84%D8%A7%D8%A4%D9%87%D9%85-%D9%85%D9%86-%D9%85%D9%86%D8%B7%D9%82%D8%A9-%D8%A7%D9%84%D9%81%D9%8A%D8%B6%D8%A7%D9%86%D8%A7%D8%AA-%D9%81%D9%8A-%D9%85%D8%AF%D9%8A%D9%86%D8%A9-%D8%A3%D9%88%D8%B1%D8%B3%D9%83-%D8%A7%D9%84%D8%B1%D9%88%D8%B3%D9%8A%D8%A9/,"ุฃูุงุฏ ููุชุจ ุนูุฏุฉ ูุฏููุฉ ุฃูุฑุณู ุงูุชุงุจุนุฉ ูููุงุทุนุฉ ุฃูุฑููุจูุฑุบ ุงูุฑูุณูุฉ ุจูุฌูุฏ ุฃูุซุฑ ูู 10 ุขูุงู ุดุฎุต ูุฌุฑู ุฅุฌูุงุกูู ูู ููุทูุฉ ุงูููุถุงูุงุช ุจุนุฏ ุญุฏูุซ ุงูููุงุฑ ูู ุงูุณุฏ ุงููุงูุน ุนูู ููุฑ ุงูุฃูุฑุงู.
ููุงู ุงูููุชุจ ูู ุชุตุฑูุญ ูููุงูุฉ ""ุฑูุง ููููุณุชู"" :""ููุฏ ุงููุงุฑ ุงูุณุฏ ูู ุงูุจูุฏุฉ ุงููุฏููุฉ ูู ููุทูุฉ ุดุงุฑุน ุฃูุฑููุจูุฑุบุณูุงูุงุ ุญูุซ ููุฌุฏ 4258 ููุฒูุง ู10987 ุดุฎุตุง ูู ููุทูุฉ ุงูููุถุงูุงุช"".
ูุฃุถุงู: ""ููุนูู ูู ุงููููุน ููุซููู ุนู ุฅุฏุงุฑุฉ ุงูููุทูุฉุ ููุฌููุนุฉ ูู ุฑุฌุงู ุงูุฅููุงุฐ ุงูุฐูู ูุตููุง ุฅูู ุฃูุฑุณู ูุนุฏุฏูู 50 ุดุฎุตุง ูุน ุฒูุงุฑู ูุงุฆูุฉ.. ูุฌููุน ุงููุชุฎุตุตูู ูุงูุนุงูููู ุงูุทุจููู ูุชูุงุฌุฏูู ูู ูุฑุงูุฒ ุฅููุงุก ูุคูุชุฉ ููุชู ุชูููุฑ ุงูุทุนุงู ูุฃูุงูู ุงูููุงูุฉ"".

ููุงู ููุชุจ ุนูุฏุฉ ุฃูุฑุณู ูุฏ ุฃุจูุบ ุจุญุฏูุซ ุงูููุงุฑ ูู ุงูุณุฏ ุงูุฐู ูุญูู ุงููุฏููุฉ ูู ููุถุงู ููุฑ ุงูุฃูุฑุงูุ ูุฃู ููุงู ุฅุฌูุงุก ุฌูุงุนู ููุณูุงู ูู ุงููุฏููุฉ ุงููุฏููุฉุ ุญูุซ ุชูุฌุฏ ุงูุนุฏูุฏ ูู ุงูููุงุทู ุงูุชู ุบูุฑุช ูู ููุทูุฉ ุงูููุถุงูุ ูุฃูู ุชู ุฅุนุฏุงุฏ ุณุชุฉ ูุฑุงูุฒ ุฅููุงุก ูุคูุชุฉ ููุฃุดุฎุงุต ุงูุฐูู ุชู ุฅุฌูุงุคููยููยุงูููุทูุฉ.
ุงููุตุฏุฑ: ""ููููุณุชู"""
20,ุงูุฃููู ูุฌุฏุฏ ููุฒู ุนูู ุณููุจุง ุงูุชูุฒุงูู ููุตุนุฏ ููุตู ููุงุฆู ุฏูุฑู ุฃุจุทุงู ุฅูุฑูููุง,22:20 GMT,/web/20240405235307/https://arabic.rt.com/sport/1553814-%D8%A7%D9%84%D8%A3%D9%87%D9%84%D9%8A-%D9%8A%D8%AC%D8%AF%D8%AF-%D9%81%D9%88%D8%B2%D9%87-%D8%B9%D9%84%D9%89-%D8%B3%D9%8A%D9%85%D8%A8%D8%A7-%D8%A7%D9%84%D8%AA%D9%86%D8%B2%D8%A7%D9%86%D9%8A-%D9%88%D9%8A%D8%B5%D8%B9%D8%AF-%D9%84%D9%86%D8%B5%D9%81-%D9%86%D9%87%D8%A7%D8%A6%D9%8A-%D8%AF%D9%88%D8%B1%D9%8A-%D8%A3%D8%A8%D8%B7%D8%A7%D9%84-%D8%A5%D9%81%D8%B1%D9%8A%D9%82%D9%8A%D8%A7/,"ุฌุฏุฏ ุงูุฃููู ุงููุตุฑู ููุฒู ุนูู ุถููู ุณููุจุง ุงูุชูุฒุงูู ุจุชุบูุจู ุนููู ุจูุฏููู ุฏูู ุฑุฏ ููู ุงูุฌูุนุฉ ูู ุฅูุงุจ ุฑุจุน ููุงุฆู ุฏูุฑู ุฃุจุทุงู ุฅูุฑูููุง ููุญุฌุฒ ููุนุฏู ูู ุงููุฑุจุน ุงูุฐูุจู ูููุณุงุจูุฉ ุงููุงุฑูุฉ.
ููุฏูู ุงูุฃููู ุจุงููุถู ูู ูุฐุง ุงูููุฒ ูุงูุชุฃูู ููุงุนุจู ุงููุฎุถุฑู ุนูุฑู ุงูุณูููุฉุ ูููุงุฌูู ูุญููุฏ ุนุจุฏ ุงูููุนู ""ููุฑุจุง"" (ูู ุฑููุฉ ุฌุฒุงุก) ุงููุฐูู ุณุฌูุง ุงููุฏููู ูู ุงูุฏูููุชูู ู47 ู""6+90"".
ุฃุณูุณุช ููุฏูุณุช ู ุงูุณูููู ูู ูุฏู ุงูุฃููู ๐ฅ #ุงูุงููู_ุณููุจุง#ุงูุงููู#simbapic.twitter.com/ZKiFtIS5F3
๐ฅ ูุฏู ุงูุงููู ุงูุซุงูู ูุญููุฏ ููุฑุจุง! ๐ฅ#ุงูุงููู_ุณููุจุงpic.twitter.com/IxtIuASIdg
ููุงู ุงูุฃููู ูุฏ ูุงุฒ ูุจู ุฃุณุจูุน ุนูู ูุถููู ุณููุจุง ูู ูุจุงุฑุงุฉ ุงูุฅูุงุจ ุจูุฏู ุฏูู ุฑุฏ.
ูููุชุธุฑ ุงููุฑูู ุงููุตุฑู ูู ุงูุฏูุฑ ูุตู ุงูููุงุฆู ุงููุชุฃูู ูู ุงูููุงุฌูุฉ ุงูุชู ุณุชุฌูุน ุบุฏุง ุงูุณุจุช ุจูู ุจูุชุฑู ุฃุชูุชููู ุงูุฃูุบููู ููุงุฒููุจู ุงููููุบููู.
ุงููุตุฏุฑ: RT"
21,ูุญููุฏ ุฏุงููุฏ ููุฌู ุฑุณุงูุฉ ููุฌูููุฑ ุงูุณูุฑู ููุนุชุฐุฑ ูููุจุฑ ูุฒููุงุฆู ูู ุงูููุชุฎุจ,21:41 GMT,/web/20240405235307/https://arabic.rt.com/sport/1553804-%D9%85%D8%AD%D9%85%D9%88%D8%AF-%D8%AF%D8%A7%D9%87%D9%88%D8%AF-%D9%8A%D9%88%D8%AC%D9%87-%D8%B1%D8%B3%D8%A7%D9%84%D8%A9-%D9%84%D9%84%D8%AC%D9%85%D9%87%D9%88%D8%B1-%D8%A7%D9%84%D8%B3%D9%88%D8%B1%D9%8A-%D9%88%D9%8A%D8%B9%D8%AA%D8%B0%D8%B1-%D9%84%D9%83%D9%88%D8%A8%D8%B1-%D9%88%D8%B2%D9%85%D9%84%D8%A7%D8%A6%D9%87-%D9%81%D9%8A-%D8%A7%D9%84%D9%85%D9%86%D8%AA%D8%AE%D8%A8/,"ูุดุฑ ูุงุนุจ ุฎุท ูุณุท ูุงุฏู ุดุชูุชุบุงุฑุชุ ูุญููุฏ ุฏุงููุฏุ ุจูุงูุง ูุนุชุฐุฑ ููู ุจุนุฏ ูุบุงุฏุฑุชู ูุนุณูุฑ ููุชุฎุจ ุณูุฑูุง ูุจู ุณุงุนุงุช ูู ููุงุฌูุฉ ููุงููุงุฑ ุจุงูุชุตููุงุช ุงููุฒุฏูุฌุฉ ุงููุคููุฉ ููุฃุณ ุงูุนุงูู ููุฃุณ ุขุณูุง.
ููุชุจ ุฏุงููุฏ ุนูู ุตูุญุชู ูู ูููุน ""ููุณุจูู"" ููู ุงูุฌูุนุฉ: ""ุฅูู ุงูุฌูุงููุฑ ุงูุณูุฑูุฉ.. ุฃุชููู ุฎูุจุฉ ุฃูููู ุจุณุจุจ ูุง ุญุตู ูู ุงููุนุณูุฑุ ูุฃุนุชุฐุฑ ูุนุฏู ุชูููู ูู ุงุฑุชุฏุงุก ูููุต ุงูููุชุฎุจุ ูุฌูุจ ุงููุฑุญ ูุงูุณุนุงุฏุฉ ููู"".
ูุชุงุจุน: ""ุญุตูุช ุนุฏุฉ ุธุฑูู ุตุนุจุฉ ุฃุฏุช ุฅูู ุงุชุฎุงุฐู ูุฑุงุฑุงุช ูุง ุชุชูุงูู ูุน ุฑุบุจุชูุ ุฃุนุชุฐุฑ ุฃูุถุง ูู ุฒููุงุฆู ุงูุฐูู ุฃุญุจูู ูุฃุญุชุฑูููุ ููู ุงูุฃุดุฎุงุต ุงูุฐูู ูุงููุง ููุชุธุฑูู ุงุฑุชุฏุงุฆู ููููุต ููุชุฎุจ ุณูุฑูุง ูุฃููู ูู ุฃุณุชุทุน ุงูุชูุงุฌุฏ ููุณุงูุฏุชูู ุฎูุงู ูุจุงุฑุงุฉ ููุงููุงุฑุ ุฃุจุงุฑู ููู ุงูููุฒ ุงูููู ุงูุฐู ุญูููู ุนูู ุทุฑูู ุงูุชุฃูู ุฅูู ูุฃุณ ุงูุนุงูู 2026"".
ูุฃุฑุฏู ุตุงุญุจ ุงูู28 ุนุงูุง ุงูุฐู ููุนุจ ูู ุตููู ูุงุฏู ุดุชูุชุบุงุฑุช ุงูุฃููุงูู ุนูู ุณุจูู ุงูุฅุนุงุฑุฉ ูู ูุงุฏู ุจุฑุงูุชูู ุงูุฅูุฌููุฒู: ""ููุง ุฃุคูุฏ ุฃููู ูุทูุงู ูุณูุฑุชู ุงูุงุญุชุฑุงููุฉ ููุช ููุง ุฒูุช ุฃูู ุงูุงุญุชุฑุงู ูุงูุชูุฏูุฑ ููู ุงููุฏุฑุจูู ุงูุฐู ุฃุดุฑููุง ุนูู ุชุฏุฑูุจู"".
ูุฃูุถุญ: ""ุฃูุฏ ุงูุชูุถูุญ ุจุฃู ุงูุญุงู ููุณู ุญุฏุซ ูุณูุญุฏุซ ูุน ุงููุฏุฑุจ ูููุชูุฑ ููุจุฑ ุงููุญุชุฑู (ูุฏุฑุจ ููุชุฎุจ ุณูุฑูุง)ุ ูุฃููู ุจุดูู ูุงุทุน ูุฌูุฏ ุฃู ุฎูุงู ุจููู ูุจูู ุงููุงุฏุฑ ุงูููู ูุชุนูู ุจูุง ุญุฏุซ ูุคุฎุฑุง.. ูุฃูุง ูุงุนุจ ูุญุชุฑู ุฃุนูู ุชูุงูุง ุญูููู ููุงุฌุจุงุชู ูุงูุชุฒู ุจูุง"".
ูุงุฎุชุชู ุงูุจูุงู: ""ุฅู ุชูุซูู ููุชุฎุจ ุณูุฑูุง ูุฅุณุนุงุฏ ุงูุฌูููุฑ ุงูุณูุฑู ุฃูุฑ ุงูุชุฎุฑ ูุงุนุชุฒ ุจู ูุน ุชูููุงุชู ุจุงูุชูููู ุฏุงุฆูุง ููููุชุฎุจ ุงููุทูู"".
ููุงูยุฏุงููุฏ ุงูููููุฏ ูู ูุฏููุฉ ุนุงููุฏุง ุจูุญุงูุธุฉ ุงูุญุณูุฉ ููุญูู ุงูุฌูุณูุฉ ุงูุฃููุงููุฉุ ุชูุงุฌุฏ ูู ูุงุฆูุฉ ููุชุฎุจ ุณูุฑูุง ูุฎูุถ ููุงุฌูุฉ ููุงููุงุฑยูู ุงูุฌููุฉ ุงูุฑุงุจุนุฉ ูู ุงูุชุตููุงุช ุงููุคููุฉ ููุฃุณ ุงูุนุงูู 2026 ููุฃุณ ุขุณูุง 2027 ูุงูุชู ุฃูููุช ูู 26 ูุงุฑุณ ุงููุงุถูุ ูุฐูู ุจุนุฏูุง ุญุตู ุนูู ููุงููุฉ ุงูุงุชุญุงุฏ ุงูุฏููู ููุฑุฉ ุงููุฏู ""ูููุง"" ูุชูุซูู ุณูุฑูุง.
ูููู ูุจู ุณุงุนุงุช ูู ุงูุทูุงู ููุงุฌูุฉ ุณูุฑูุง ูููุงููุงุฑุ ุฎุฑุฌ ุงูุงุชุญุงุฏ ุงูุณูุฑู ุจุจูุงู ุฃุนูู ูููยุฃู ุฏุงููุฏ ุบุงุฏุฑ ูุนุณูุฑ ููุชุฎุจ ""ูุณูุฑ ูุงุณููู""ยุจุณุจุจ ""ุงุณุชุญุงูุฉ ุชูุจูุฉ ุทูุจุงุชู ุงูุชู ุญุฏุฏูุง ูููู ุฃุนูุงูู ูุณุชุคุซุฑ ุนูู ุงูููุชุฎุจ ููู"".
ุงููุตุฏุฑ: RT"
22,ุฃูุฒูู ููุดู ุนู ุงููุงุฏู ุงููุญูุฏ ุงูุฐู ุชููู ุงููุนุจ ูู ุตูููู ููู ูุญุธ ุจุฐูู!,20:16 GMT,/web/20240405235307/https://arabic.rt.com/sport/1553792-%D8%A3%D9%88%D8%B2%D9%8A%D9%84-%D9%8A%D9%83%D8%B4%D9%81-%D8%B9%D9%86-%D8%A7%D9%84%D9%86%D8%A7%D8%AF%D9%8A-%D8%A7%D9%84%D9%88%D8%AD%D9%8A%D8%AF-%D8%A7%D9%84%D8%B0%D9%8A-%D8%AA%D9%85%D9%86%D9%89-%D8%A7%D9%84%D9%84%D8%B9%D8%A8-%D9%84%D9%87-%D9%88%D9%84%D9%85-%D9%8A%D8%AA%D9%85%D9%83%D9%86-%D9%85%D9%86-%D8%B0%D9%84%D9%83/,
23,ุฑููุงูุฏู ุนูู ุฏูุฉ ุงูุจุฏูุงุก ูู ููุงุก ุงููุตุฑ ูุถูู,19:16 GMT,/web/20240405235307/https://arabic.rt.com/sport/1553774-%D8%B1%D9%88%D9%86%D8%A7%D9%84%D8%AF%D9%88-%D8%BA%D9%84%D9%89-%D8%A7%D9%84%D8%AF%D9%83%D8%A9-%D9%81%D9%8A-%D9%84%D9%82%D8%A7%D8%A1-%D8%A7%D9%84%D9%86%D8%B5%D8%B1-%D9%88%D8%B6%D9%85%D9%83/,"ูุฑุฑ ุงููุฏูุฑ ุงูููู ููุงุฏู ุงููุตุฑุ ุงูุจุฑุชุบุงูู ูููุณ ูุงุณุชุฑูุ ุงูุฅุจูุงุก ุนูู ููุงุทูู ูุฑูุณุชูุงูู ุฑููุงูุฏู ุนูู ุฏูุฉ ุงูุจุฏูุงุก ูู ูุจุงุฑุงุฉ ุงูููู ุงูุฌูุนุฉ ุถุฏ ุถูู ูู ุงูุฌููุฉ ุงูู27 ูู ุงูุฏูุฑู ุงูุณุนูุฏู.
ูุงุฑุชุฃูยูุงุณุชุฑู ุงุณุชุจุนุงุฏ ุฑููุงูุฏู ูู ุงูุชุดูููุฉ ุงูุฃุณุงุณูุฉ ูููุตุฑ ูุฃูู ูุฑุฉ ููุฐ ูุชุฑุฉ ุทูููุฉุ ุฅุฐ ูุฌูุณ ุนูู ุฏูุฉ ุงูุจุฏูุงุกุ ุจูุฏู ุฅุฑุงุญุชู ูุจู ูุจุงุฑุงุฉ ุงูุฏูุฑุจู ุถุฏ ุงูููุงู ุงูููุฑุฑุฉ ุงูุงุซููู ุงูููุจู ูู ูุตู ููุงุฆู ูุฃุณ ุงูุณูุจุฑ ุงูุณุนูุฏู.
ููุง ูุถู ูุงุณุชุฑู ุงูุงุญุชูุงุธ ุฃูุถุง ุจุงููุฌู ุงูุณูุบุงูู ุณุงุฏูู ูุงููุ ูุงููุฑูุงุชู ูุงุฑุณููู ุจุฑูุฒูููุชุดุ ูุงูุจุฑุงุฒููู ุฃูููุณ ุชูููุณ ุนูู ููุงุนุฏ ุงูุจุฏูุงุก ูุฅุฑุงุญุชูู.
ูุงุฆูุฉ ุงููุฑูู ุงูุฑุณููุฉ ูููุจุงุฑุงุฉ ุชุตูู! ๐คฉุจุงูุชูููู ููุฌูููุง ๐#ุงููุตุฑ_ุถูู | #AlNassrDamacpic.twitter.com/yLboknpHMI
ููู ูุง ููู ุชุดูููุฉ ุงููุตุฑ ูููุงุฌูุฉ ุถูู:
- ุญุฑุงุณุฉ ุงููุฑูู: ุฏุงููุฏ ุฃูุณุจููุง
- ุงูุฏูุงุน: ููุงู ุจูุดูุ ุฅููุฑูู ูุงุจูุฑุชุ ุนูู ูุงุฌุงููุ ูุญูุฏ ูุงุณู
- ุงููุณุท: ุนุจุฏ ุงููุฌูุฏ ุงูุตููููุ ุนูู ุงูุญุณูุ ุณุงูู ุงููุฌุนู
- ุงููุฌูู: ุนุจุฏ ุงูุนุฒูุฒ ุงูุนูููุฉุ ุนุจุฏ ุงูุฑุญูู ุบุฑูุจุ ูุดุงุฑู ุงูููุฑ.
ููุญุชู ุงููุตุฑ ุงููุฑูุฒ ุงูุซุงูู ูู ุงูุฏูุฑู ุงูุณุนูุฏู ุจุฑุตูุฏ 62 ููุทุฉ ููุชุฎูู ุจูุงุฑู 12 ููุทุฉ ุนู ุงูููุงู ุงููุชุตุฏุฑ.
ุงููุตุฏุฑ: RT"
24,"ุจุนุฏ 7 ุฃุนูุงู.. ูุงุฑุณููู ูุนุชุฑู ุจุชุนุงููู ูุน ุฑููุงูุฏู ูู ""ุณุฑูุฉ ุฑูุงุถูุฉ"" ูุจู ููุฒ ุฑูุงู ูุฏุฑูุฏ ุจุฏูุฑู ุงูุฃุจุทุงู",17:56 GMT,/web/20240405235307/https://arabic.rt.com/sport/1553752-%D9%85%D8%A7%D8%B1%D8%B3%D9%8A%D9%84%D9%88-%D9%8A%D8%B9%D8%AA%D8%B1%D9%81-%D8%A8%D8%AA%D8%B9%D8%A7%D9%88%D9%86%D9%87-%D9%85%D8%B9-%D8%B1%D9%88%D9%86%D8%A7%D9%84%D8%AF%D9%88-%D8%B1%D9%8A%D8%A7%D9%84-%D9%85%D8%AF%D8%B1%D9%8A%D8%AF-%D8%A8%D8%AF%D9%88%D8%B1%D9%8A-%D8%A7%D9%84%D8%A3%D8%A8%D8%B7%D8%A7%D9%84/,
25,ุจุงููุฑ ูุนุงุฏู ุฅูุฌุงุฒ ุฑููุงูุฏู ุงูุชุงุฑูุฎู ูู ุงูุฏูุฑู ุงูุฅูุฌููุฒู,16:29 GMT,/web/20240405235307/https://arabic.rt.com/sport/1553747-%D8%A8%D8%A7%D9%84%D9%85%D8%B1-%D9%8A%D8%B9%D8%A7%D8%AF%D9%84-%D8%A5%D9%86%D8%AC%D8%A7%D8%B2-%D8%B1%D9%88%D9%86%D8%A7%D9%84%D8%AF%D9%88-%D8%A7%D9%84%D8%AA%D8%A7%D8%B1%D9%8A%D8%AE%D9%8A-%D9%81%D9%8A-%D8%A7%D9%84%D8%AF%D9%88%D8%B1%D9%8A-%D8%A7%D9%84%D8%A5%D9%86%D8%AC%D9%84%D9%8A%D8%B2%D9%8A/,
26,ูู ูุญูู ูุจุงุจู ุขูุงู ูุงูุฑูู ููุดุงุฑู ูู ุฃูููุจูุงุฏ ุจุงุฑูุณุ,16:16 GMT,/web/20240405235307/https://arabic.rt.com/sport/1553740-%D9%87%D9%84-%D9%8A%D8%AD%D9%82%D9%82-%D9%85%D8%A8%D8%A7%D8%A8%D9%8A-%D8%A2%D9%85%D8%A7%D9%84-%D9%85%D8%A7%D9%83%D8%B1%D9%88%D9%86-%D9%88%D9%8A%D8%AE%D8%B1%D9%82-%D9%82%D9%88%D8%A7%D8%B9%D8%AF-%D8%B1%D9%8A%D8%A7%D9%84-%D9%85%D8%AF%D8%B1%D9%8A%D8%AF/,
27,ูููููุฒ ุชุฌุฑุฏ ุงูุชููุณูุฉ ุฃูุณ ุฌุงุจุฑ ูู ููุจ ุจุทููุฉ ุชุดุงุฑูุณุชูู,15:17 GMT,/web/20240405235307/https://arabic.rt.com/sport/1553733-%D9%83%D9%88%D9%84%D9%8A%D9%86%D8%B2-%D8%AA%D8%AC%D8%B1%D8%AF-%D8%A7%D9%84%D8%AA%D9%88%D9%86%D8%B3%D9%8A%D8%A9-%D8%A3%D9%86%D8%B3-%D8%AC%D8%A7%D8%A8%D8%B1-%D9%85%D9%86-%D9%84%D9%82%D8%A8%D9%87%D8%A7-%D9%81%D9%8A-%D8%A8%D8%B7%D9%88%D9%84%D8%A9-%D8%AA%D8%B4%D8%A7%D8%B1%D9%84%D8%B3%D8%AA%D9%88%D9%86/,"ุฌุฑุฏุช ุงูุฃูุฑูููุฉ ุฏุงูููู ูููููุฒุ ุงููุฌูุฉ ุงูุชููุณูุฉ ุฃูุณ ุฌุงุจุฑุ ุงููุตููุฉ ุณุงุฏุณุฉ ุนุงูููุงุ ูู ููุจูุง ูู ุจุทููุฉ ุชุดุงุฑูุณุชูู ุงูููุชูุญุฉ ููุชูุณุ ุจููุฒูุง ุนูููุง ูู ุซูู ุงูููุงุฆู ุจูุฌููุนุชูู ููุงุญุฏุฉ.
ูุฌุงุกุช ุฎุณุงุฑุฉ ุงููุฌูุฉ ุงูุชููุณูุฉยุจูุงูุน 3-6 ู6-1 ู3-6.
Big racket smash from Ons Jabeur, best way to let off steam in the game.Only difference being if this was Djokovic we all know that the usual suspects will be showing the smash on loop and saying he has anger issues and what a bad role model he is etc. pic.twitter.com/oONrLVORe2
ูุจูุบุงุฏุฑุชูุง ุจุทููุฉ ุฃุฎุฑูุ ุชุชูุงุตู ูุนุงูุงุฉ ุฃูุณ ุฌุงุจุฑ ุฎูุงู ูุฐุง ุงูุนุงู.
Collins d. Ons Jabeur 6-3 1-6 6-3 in CharlestonDanielle has now won 18 of the last 19 sets sheโs played. 9 consecutive wins.Sheโs turned her retirement story into one of the most impassioned last dances youโll ever see. โ4th QF of 2024Bold. ๐บ๐ธโค๏ธ pic.twitter.com/hVCLc21jIf
ูู ุงูููุงุจูุ ุญููุช ูููููุฒ ููุฒูุงยุงูู18 ูู ุขุฎุฑ 19 ูุจุงุฑุงุฉุ ูุณุชูุงุฌู ุงูุจูุฌูููุฉ ุฅููุฒ ููุฑุชููุฒ ุนูู ุจุทุงูุฉ ุงูุชุฃูู ููุตู ููุงุฆู ุจุทููุฉ ุชุดุงุฑูุณุชูู.
ุงููุตุฏุฑ:ยWTA"
28,ุขู ุงูุดูุฎ ููุดู ุนู ููุงุฌุขุช ุจุดุฃู ุฅูุงูุฉ ููุฉ ุงูุฃููู ูุงูุฒูุงูู ูู ุงูุณุนูุฏูุฉ,15:02 GMT,/web/20240405235307/https://arabic.rt.com/sport/1553722-%D8%A2%D9%84-%D8%A7%D9%84%D8%B4%D9%8A%D8%AE-%D9%8A%D9%83%D8%B4%D9%81-%D8%B9%D9%86-%D9%85%D9%81%D8%A7%D8%AC%D8%A2%D8%AA-%D8%A8%D8%B4%D8%A3%D9%86-%D8%A5%D9%82%D8%A7%D9%85%D8%A9-%D9%82%D9%85%D8%A9-%D8%A7%D9%84%D8%A3%D9%87%D9%84%D9%8A-%D9%88%D8%A7%D9%84%D8%B2%D9%85%D8%A7%D9%84%D9%83-%D9%81%D9%8A-%D8%A7%D9%84%D8%B3%D8%B9%D9%88%D8%AF%D9%8A%D8%A9/,"ูุดู ุฑุฆูุณ ููุฆุฉ ุงูุชุฑููู ูู ุงูุณุนูุฏูุฉุ ุชุฑูู ุขู ุงูุดูุฎุ ุนู ุนุฏุฉ ููุงุฌุขุช ุจุดุฃู ุงููุญุงููุงุช ุงูุชู ูุงูุช ุชุฌุฑู ูุฅูุงูุฉ ููุฉ ุงูุฏูุฑู ุงููุตุฑู ุจูู ุงูุฃููู ูุงูุฒูุงูู ูู ุงูุณุนูุฏูุฉ.
ูุฃุนูู ูู ููุช ุณุงุจู ุนู ุนุฑุถ ูุฅูุงูุฉ ูุจุงุฑุงุชู ููุฉ ุงูุฏูุฑู ุงููุตุฑู ุจูู ุงูุฃููู ุญุงูู ุงูููุจุ ูุบุฑููู ุงูุฒูุงูู ุถูู ุจุทููุฉ ุงูุฏูุฑู ุงููุญูู ูู ุงูุณุนูุฏูุฉุ ูุฑุญุจ ุงูุฃููู ุจุงูููุฑุฉ ุจูููุง ุฃูุฏ ุงููุชุญุฏุซ ุจุงุณู ุงูุฒูุงููุยุฃุญูุฏ ุณุงููุ ุฃู ุงููุฑูู ุงูุฃุจูุถ ูู ููุงุฌู ุงูุฃููู ูู ุงูุณุนูุฏูุฉ.
ูููู ุขู ุงูุดูุฎ ุฃูุฏ ุฃู ุงูุณุนูุฏูุฉ ูู ุชุนูู ุฃุจุฏุงยุจุดูู ุนููู ุนู ููุชูุง ุงุณุชุถุงูุฉ ููุฉ ุงูุฃููู ูุงูุฒูุงู ูุฃู ุงูุชุณุฑูุจุงุช ุฌุงุกุช ูู ุงููุณุคูููู ูู ูุตุฑ.
ูุชุงุจุน ""ูู ุงูุจุฏุงูุฉุ ููุงุฆู ูุฃุณ ูุตุฑ (ุจูู ุงูุฃููู ูุงูุฒูุงูู ุงูุฐู ุฃููู ูู ุงูุณุนูุฏูุฉ ูู 8 ูุงุฑุณ ุงููุงุถู) ุฎุฑุฌ ุจุดูู ูุงุฌุญุ ูููุณ ููุท ูู ุงููุงุญูุฉ ุงููุงููุฉุ ููููุง ูุงูุช ูุฑุตุฉ ุฅูุฌุงุจูุฉ ููุชูุงุฑุจ ุจูู ุงูุดุนูุจ"".
ูุฃุฑุฏู ""ุชุฏุฎูุช ูู ุฃุฌู ุฏุฎูู ุฃุฏูุงุช ุงูุชุดุฌูุน ูู ููุงุฆู ุงููุฃุณุ ููู ูุณูุญ ุจุฏุฎูู ุชููู ุงูุฃูููุ ูุฃูู ุญูู ุชุฌุงูุฒุงุช ุถุฏ ุงูููุงูุณ ูุงุชุญุงุฏ ุงููุฑุฉ"".
ูููุช ุงููุณุชุดุงุฑ ุงูุณุนูุฏู ""ุจุนุฏ ููุงุฆู ูุฃุณ ูุตุฑุ ุงุฌุชูุนุช ุจุงููุณุคูููู ูู ูุตุฑุ ูุงูุชุฑุญูุง ุงุณุชุถุงูุฉ ููุฉ ุงูุฃููู ูุงูุฒูุงูู ุจุงูุฏูุฑูุ ููุฏููุง ุนุฑุถูุงุ ุซู ูุจู ุฃุณุจูุน ุฃุจูุบููู ุฃู ุงูุฃููุฑ ุชุณูุฑ ุจุดูู ุฌูุฏุ ูุชู ุชุญุฏูุฏ ููุนุฏ ุงููุจุงุฑุงุชูู ูู ุฃุจุฑูู ูููููู"".
ูุฃุดุงุฑ ""ูุตูุชูู ุจุนุฏ ุฐูู ููุงููุฉ ุงูุฃูููุ ุฑุบู ุฃููู ููุช ุฃุชููุน ุตุนูุจุฉ ููุงููุฉ ุงูุฃุญูุฑ ุจุณุจุจ ุงุฑุชุจุงุทุงุชู ุงูุฅูุฑูููุฉุ ูููุง ูุญุงูู ุชูููุฑ ูุงูุฉ ุงูุณุจู ูู ูุซู ุทุงุฆุฑุฉ ุฎุงุตุฉ ูู ูุง ูุชุฃุซุฑ ุงููุฑูู ุณูุจุง"".
ูุงุณุชุฏุฑู ""ุชูุงุตูุช ูุน (ุนุถู ุงููููุง) ูุงูู ุฃุจู ุฑูุฏุฉ ููุนุฑูุฉ ูุงููููุฉ ููู ููุงุฌูุฉ ุงูุฃููู ูู ูุตู ููุงุฆู ุฏูุฑู ุฃุจุทุงู ุฅูุฑูููุง (ุญุงู ุนุจูุฑู ุฑุจุน ุงูููุงุฆู) ุจุงูุฑูุงุถ ููุงุจู ูุจูุบ ูุงูู ููููุงูุณุ ูุชูููุฑ ุงูููุช ุนูู ุงูุฃููู ุจุนุฏ ุฎูุถ ุงูููุฉ ุฃูุงู ุงูุฒูุงูู ูู 15 ุฃุจุฑููุ ูููู ุฃุฎุจุฑูู ุฃู ุงูุฃูุฑ ูุจุฏู ูุณุชุญููุง"".
ูุฃูุถุญ ุขู ุงูุดูุฎ ""ุจุนุฏ ุฐูู ุงูุชุดููุง ูุฌูุฏ ูุดููุฉ ุฃุฎุฑูุ ููู ุฃู ุงููุงุฏุฉ 71 ุชุญุธุฑ ููู ุงููุจุงุฑูุงุช ูู ูุงุฑุฉ ุฅูู ุฃุฎุฑูุ ูุชู ูู ูุจู ุฑูุถ ุงููููุง ุฎูุถ ููุงุก ุจุฑุดูููุฉ ูุฌูุฑููุง ุจุฃูุฑููุงุ ุฅูุง ูู ุญุงูุงุช ูุนููุฉ ูุจููุงููุฉ ุงููููุง"".
ูุฃุถุงู ""ุญุงูููุง ุชุฎุตูุต ุฌุฒุก ูู ููุงูุฃุฉ ุงูููุฉ ุฅูู ุจููุฉ ูุฑู ุงูุฏูุฑู ุงููุตุฑู ูุงูุญุตูู ุนูู ููุงููุฉ ุงูุงุชุญุงุฏ ุงูุฏูููุ ูุชูุงุตูุช ูุน ูุณุคูู ุจุงููููุง ูุฃุจูุบูู ุฃู ุงูููุงููุฉ ูู ุชุชุนุฏู ูุณุจุฉ 10 ุจุงููุฆุฉ"".
ูุฒุงุฏ ุขู ุงูุดูุฎ ""ุงูุฒูุงูู ูุงูู ูุจู ููุงููุฉ ุงูุฃููู ููุงุจู ุงูุญุตูู ุนูู ููููู ุฏููุงุฑ ูููุจุงุฑุงุชููุ ุจุฌุงูุจ ูุชุทูุจุงุช ุงูุฅูุงูุฉ ูุบูุฑูุงุ ูุจุงูุชุงูู ููุณ ูู ุงูุตูุงุจ ุฃู ูุฎุฑุฌ ุงูุจุนุถ ููุฏุนู ุงูุจุทููุฉุ ูุงูุฒูุงูู ูู ูุชุญุฏุซ ุจุดุฃู ุงูุชุญููู"".
ููุดู ""ุงููููุง ูู ูุฑุฏ ุญุชู ุงูุขูุ ููููุง ุฃุจูุบูุง ุงูุฌุงูุจ ุงููุตุฑู ููุฐ ูููููุ ุฃู ุงูููุฑุฉ ุจุงุชุช ุตุนุจุฉุ ููุง ุดู ุฃููุง ูุฑุญุจ ุจูู ุงููุจุงุฑูุงุช ุงููุตุฑูุฉ ููุฃูุฏูุฉ ูุงูููุชุฎุจุงุช ูู ุฃู ููุชุ ูุฃุชููู ุนูุฏุฉ ุงูุณูุจุฑ ุงููุตุฑู ุงูุณุนูุฏู ูุฑุฉ ุฃุฎุฑูุ ููู ูุง ูุชูุงูุด ููู ุงูุขู ูุน ุงูุดุฑูุฉ ุงููุชุญุฏุฉ"".
ูุดุฏุฏ ""ูู ุฃูู ุจุฒูุงุฑุฉ ูุตุฑ ููุฐ ูุชุฑุฉ ุทูููุฉุ ููู ูุง ุชุฒุงู ุตูุฑุชู ูู ููุฑ ุงูุฒูุงูู ููุง ููุ ุฅุฐุง ูุงูุช ููุฌูุฏุฉ ูุฃูุง ุฃุชููู ุฅุฒุงูุชูุง"".
ูุฃูุถุญ ""ููุน ูุงูู ุงุญุชุฑุงููุ ูุฌุจ ูุญุงุณุจุฉ ุงูุดุฎุต ุงูุฐู ุตุฑุญ ูุซู ูุฐู ุงูุชุตุฑูุญุงุช ุงููุถุฑูุจุฉ (ุงุนุชุฐุงุฑ ุงูุฒูุงูู ุนู ูุนุจ ุงูููุฉ ูู ุงูุณุนูุฏูุฉ)"".
ููุงู ุงููุชุญุฏุซ ุจุงุณู ุงูุฒูุงููุ ุฃุญูุฏ ุณุงููุ ูุฏ ูุงู ุนุจุฑ ุญุณุงุจู ูู ูููุน ""ููุณุจูู"" ุฃูุณ ุงูุฎููุณ: ""ุงููุฑูู ุงูุฃูู ููุฑุฉ ุงููุฏู ุจูุงุฏู ุงูุฒูุงูู ุณูุชูุงุฌุฏ ูู ุณุชุงุฏ ุงููุงูุฑุฉ ููู 15 ุฃุจุฑูู ูููุงุจูุฉ ูุฑูู ุงูุฃููู ูููุง ูุฌุฏูู ูุจุงุฑูุงุช ูุณุงุจูุฉ ุงูุฏูุฑู ุงูุนุงู"".
ุงููุตุฏุฑ: ููุงูุงุช"
29,ุตูุงุญ ูุบุงุฒู ููุณู ููุคูุฏ ุญุตููู ุนูู ูุฏูุฉ ุซูููุฉ ูู ูุฏุงู ุฃุฑุฌูุชููู ุดููุฑ (ููุฏูู),14:31 GMT,/web/20240405235307/https://arabic.rt.com/sport/1553710-%D8%B5%D9%84%D8%A7%D8%AD-%D9%8A%D8%BA%D8%A7%D8%B2%D9%84-%D9%85%D9%8A%D8%B3%D9%8A-%D9%88%D9%8A%D8%A4%D9%83%D8%AF-%D8%AD%D8%B5%D9%88%D9%84%D9%87-%D8%B9%D9%84%D9%89-%D9%87%D8%AF%D9%8A%D8%A9-%D8%AB%D9%85%D9%8A%D9%86%D8%A9-%D9%85%D9%86-%D9%87%D8%AF%D8%A7%D9%81-%D8%A3%D8%B1%D8%AC%D9%86%D8%AA%D9%8A%D9%86%D9%8A-%D8%B4%D9%87%D9%8A%D8%B1-%D9%81%D9%8A%D8%AF%D9%8A%D9%88/,"ูุดู ุงููุฌู ุงููุตุฑู ูุญูุฏ ุตูุงุญ ุงููุญุชุฑู ูู ุตููู ูุงุฏู ูููุฑุจููุ ุนู ูุงุนุจู ุงูุฃุฑุฌูุชููู ุงูููุถู ุฅูู ุฌุงูุจ ุฒูููู ุงูุญุงูู ูู ""ุงูุฑูุฏุฒ"" ุฃูููุณูุณ ูุงู ุฃููุณุชุฑ.
ููุงู ุตูุงุญ ูู ุชุตุฑูุญุงุช ูููุชูุง ุดุจูุฉ ""LFC Transfer Room"" ุงูุฅูุฌููุฒูุฉุ ุฅู ""ุงููุงุนุจ ุงูุฃุฑุฌูุชููู ุงูููุถู ูุฏู ุฅูู ุฌุงูุจ ูุงู ุฃููุณุชุฑ ูู ููุณู. ุฃูุง ุฃุญุจ ููุณู.. ููุณู ูู ููุณู"".
๐ฌ | Mohamed Salah:My favorite Argentine player apart from Mac Allister? Messi. I love Messi. Messi is Messi, I love Messi.๐๐ด pic.twitter.com/Tpz1TTVe2P
ูุฃุถุงู: ""ุฃุญุจ ุฃูุถุง (ุงูููุงุฌู ุงูุฏููู ุงูุฃุฑุฌูุชููู ุงูุณุงุจู ุนูุฑ ุบุงุจุฑููู) ุจุงุชูุณุชูุชุงุ ุงูุชููุช ุจู ูุฑุฉ ูู ุงูุฃุฑุฌูุชููุ ูุฃุนุทุงูู ูููุตู ุงููููุนุ ููู ูุนูุ ุฃูุง ุฃุญุจ ููุณู"".
โQual รฉ o seu jogador argentino favorito, sem ser o Mac Allister?โMohamed Salah: โMessi, amo o Messi. Messi รฉ o Messi. Amo o Batistuta tambรฉm.โpic.twitter.com/JNGvWq7jA1
ูููุนุจ ููุณู ุญุงููุง ูุน ุฅูุชุฑ ููุงูู ุงูุฃูุฑููู ูุณุจู ูู ุงููุนุจ ุถุฏ ุตูุงุญ ุนูุฏูุง ูุงู ูุฏุงูุน (ููุณู) ุนู ุฃููุงู ูุงุฏู ุจุฑุดูููุฉ.
ุงููุตุฏุฑ:ยยLFC Transfer Room
"
30,ุงูุฏูุณุฑู ูุชููู ุนูู ุฑููุงูุฏู ููุชูุฌ ุจุฌุงุฆุฒุฉ ุฃูุถู ูุฏู ูู ุงูุฏูุฑู ุงูุณุนูุฏู (ููุฏูู),13:35 GMT,/web/20240405235307/https://arabic.rt.com/sport/1553699-%D8%A7%D9%84%D8%AF%D9%88%D8%B3%D8%B1%D9%8A-%D9%8A%D8%AA%D9%81%D9%88%D9%82-%D8%B9%D9%84%D9%89-%D8%B1%D9%88%D9%86%D8%A7%D9%84%D8%AF%D9%88-%D9%88%D9%8A%D8%AA%D9%88%D8%AC-%D8%A8%D8%AC%D8%A7%D8%A6%D8%B2%D8%A9-%D8%A3%D9%81%D8%B6%D9%84-%D9%87%D8%AF%D9%81-%D9%81%D9%8A-%D8%A7%D9%84%D8%AF%D9%88%D8%B1%D9%8A-%D8%A7%D9%84%D8%B3%D8%B9%D9%88%D8%AF%D9%8A-%D9%81%D9%8A%D8%AF%D9%8A%D9%88/,"ุฃุนููุช ุฑุงุจุทุฉ ุงูุฏูุฑู ุงูุณุนูุฏู ูููุญุชุฑููู ููู ุงูุฌูุนุฉุ ููุฒ ูุฌู ูุงุฏู ุงูููุงูุ ุณุงูู ุงูุฏูุณุฑู ุจุฌุงุฆุฒุฉ ุฃูุถู ูุฏู ูู ุงูุฌููุฉ 26ุ ุจุนุฏูุง ุชููู ุนูู ูุงุฆุฏ ูุงุฏู ุงููุตุฑุ ูุฑูุณุชูุงูู ุฑููุงูุฏู.
ูุทุฑุญุช ุงูุฑุงุจุทุฉุ ุงุณุชูุชุงุก ุฃูุณ ุงูุฎููุณ ููุงุฎุชูุงุฑ ุจูู ุฃูุฏุงู ุงูุฏูุณุฑู ูู ูุฑูู ุงูุฃุฎุฏูุฏุ ูุฑููุงูุฏู ูู ุดุจุงู ุฃุจูุงุ ููุฑุงุณ ุงูุจุฑููุงูุ ููุงุฌู ุงูุฃูููุ ูู ุฏูุฑุจู ุงูุงุชุญุงุฏ.
๐ธ๐ฆ ูุฑุงุณ ุงูุจุฑููุงู @ALAHLI_FC๐ต๐น ูุฑูุณุชูุงูู ุฑููุงูุฏู @AlNassrFC๐ธ๐ฆ ุณุงูู ุงูุฏูุณุฑู @Alhilal_FCุฃุฌูู 3๏ธโฃ ุฃูุฏุงู.. ูู ุงุฎุชูุงุฑ ุงููุฑูู ุงูููู ูู ุงูุฑุงุจุทุฉ ููุฌููุฉ 26 ๐#ุฏูุฑู_ุฑูุดู_ุงูุณุนูุฏู | #yallaRSLpic.twitter.com/1ngADPgY4K
ูุดุงุฑู ูู ุงูุงุณุชูุชุงุก 653.257 ุดุฎุตุงุ ูููุง ุงูุญุตุฑุช ุงูููุงูุณุฉ ุจูู ูุฌูู ุงูููุงู ูุงููุตุฑ.
๐ ุจูุดุงุฑูุฉ (653,257) ุตูุช. ุณููุงูููู ุงูููุฏูุณูููุฑู ๐ธ๐ฆูุฌู @Alhilal_FC ูููุฒ ุจูุฏู ุงูุฌููุฉ ุงูู26 ๐#ุฏูุฑู_ุฑูุดู_ุงูุณุนูุฏู#yallaRSLhttps://t.co/4943MwGGm2pic.twitter.com/uCDtjNw1iY
ูุญุตู ุงูุฏูุณุฑู ูู ููุงูุฉ ุงูุชุตููุช ุนูู 44.7 ุจุงููุฆุฉ ูู ุงูุฃุตูุงุชุ ููุงุจู 44.1 ูุฑููุงูุฏูุ ู11.2 ููุจุฑููุงู.
ููุณุชุนุฏ ุงูุฏูุณุฑู ูุฑููุงูุฏู ูููุดุงุฑูุฉ ูุน ูุฑูููููุง ูุณุงุก ุงูููู ุงูุฌูุนุฉ ูู ููุงูุณุงุช ุงูุฃุณุจูุน ุงูู27 ูู ุงูุฏูุฑู ุงูุณุนูุฏูุ ุญูุซ ููุนุจ ุงูููุงู ุถุฏ ุงูุฎููุฌ ูุงููุตุฑ ูุน ุถูู.
ุงููุตุฏุฑ: ุฑุงุจุทุฉ ุงูุฏูุฑู ุงูุณุนูุฏู"
31,ุชุญูู ุฌุณุฏู ูุฐูู ููุฌู ุฑูุงู ูุฏุฑูุฏ ุงูุฏููู ุงูุชุฑูู ุฃุฑุฏุง ุบููุฑ (ุตูุฑ),13:13 GMT,/web/20240405235307/https://arabic.rt.com/sport/1553693-%D8%AA%D8%AD%D9%88%D9%84-%D8%AC%D8%B3%D8%AF%D9%8A-%D9%85%D8%B0%D9%87%D9%84-%D9%84%D9%86%D8%AC%D9%85-%D8%B1%D9%8A%D8%A7%D9%84-%D9%85%D8%AF%D8%B1%D9%8A%D8%AF-%D8%A7%D9%84%D8%AF%D9%88%D9%84%D9%8A-%D8%A7%D9%84%D8%AA%D8%B1%D9%83%D9%8A-%D8%A3%D8%B1%D8%AF%D8%A7-%D8%BA%D9%88%D9%84%D8%B1-%D8%B5%D9%88%D8%B1/,"ุญุฑุต ูุฌู ูุงุฏู ุฑูุงู ูุฏุฑูุฏ ุงููุงุนุฏ ุงูุชุฑูู ุฃุฑุฏุง ุบููุฑ ุนูู ุจุฐู ูุฌููุฏ ุฌุจุงุฑ ูู ุงูุชูุฑูู ููุญุตูู ุนูู ูุฑุตุฉ ุงููุนุจ ุจุดูู ุฃุณุงุณู ูุน ุงููุงุฏู ุงููููู ูุชูุงุฏู ุงูุฅุตุงุจุงุช.
ูุงูุถู ุบููุฑ ุฅูู ุฑูุงู ูุฏุฑูุฏ ุตูู ุงูุนุงู ุงููุงุถู ูุงุฏูุง ูู ููุฑุจุฎุดุฉ ุงูุชุฑููุ ููุงุจู 20 ููููู ููุฑูุ ุจุนุฏ ููุงูุณุฉ ูููุฉ ูุน ุจุฑุดูููุฉ.
La transformation physique d'Arda Gรผler ๐น๐ท ! ๐ช pic.twitter.com/wanBnIHL3p
ูุญุธู ุบููุฑ ุจุฅุดุงุฏุฉ ุฅุนูุงููุฉ ูุฌูุงููุฑูุฉ ูุจูุฑุฉุ ูุจู ุงูุชูุงูู ูููุงุฏู ุงูููููุ ูุณุท ุชููุนุงุช ุจูุฏุฑุชู ุนูู ูุฑุถ ููุณู ูู ุชุดูููุฉ ุงููุฑูู ุงููุฏุฌุฌุฉ ุจุงููุฌููุ ูููู ุชุนุฑุถ ูุฅุตุงุจุงุช ูุชุชุงููุฉ ุญุฑูุชู ูู ุงููุดุงุฑูุฉ ูู ูุจุงุฑูุงุช ุนุฏุฉ.
Arda Gรผler has completely transformed since joining Real Madrid ๐ช๐ฑ pic.twitter.com/w5mPAHzQPu
ูุณูุทุช ุตุญููุฉ ""ุฃุณ"" ุงูุฅุณุจุงููุฉุ ุงูุถูุก ุนูู ุงูุนูู ุงููุจูุฑ ุงูุฐู ูููู ุจู ุตุงุญุจ ุงูู19ยุนุงูุง ูู ุตุงูุฉ ุงูุฃูุนุงุจ ุงูุฑูุงุถูุฉุ ูุฐูู ูููุตูู ุฅูู ุฃูุถู ุญุงูุฉ ุจุฏููุฉ ููููุฉ ูุชูุงุฏู ุงูุฅุตุงุจุงุช.
๐จ| Arda Gรผler ๐น๐ท a pris 8KG de masse MUSCULAIRE grรขce au travail en salle de sport. Il pourra jouer au plus haut niveau et รฉviter les blessures au maximum. @carrusel#RealMadrid โ๐ช(image @theMadridZone) pic.twitter.com/PWmI0YSGZx
ูุฃุดุงุฑุช ุงูุตุญููุฉ ุฅูู ุฃู ุบููุฑ ุงุณุชูุน ููุตูุญุฉ ุงูุฌูุงุฒ ุงูููู ูุฑูุงู ูุฏุฑูุฏ ุจุงูุชุณุงุจ ุงููุฒูุฏ ูู ุงููุฒูุ ููู ูุง ูุงู ุจู ุจุงููุนูุ ููุฑูุน ูุฒูู ูู 62 ุฅูู 70 ูููู ุบุฑุงูุงุ ูุญููุง ุฒูุงุฏุฉ ูุตูุช ุฅูู 8 ูููู ุนูู ูุฏุงุฑ ุชุณุนุฉ ุฃุดูุฑ.
ูุฃูุถุญุช ุฃู ุงููุฌู ุงูุชุฑูู ูุฑูุฏ ุงูุชุฎูุต ูู ูุตูู ุจู""ุงููุงุนุจ ุงูููุงุฑู ุงููุญูู""ุ ุนู ุทุฑูู ุฒูุงุฏุฉ ุงููุชูุฉ ุงูุนุถููุฉ ูุฏูู ุจุงูุชูุงุฑูู ุงูุดุงูุฉ ูุงูููุซูุฉ ุงูุชู ุชุณุชูุฑ ูุณุงุนุงุชุ ููุง ุงูุนูุณ ุนููู ุจุงูุฅูุฌุงุจ ูุฃุฏู ุฅูู ุงุฑุชูุงุน ููุงูุชู ูุงุจุชุนุงุฏ ุงูุฅุตุงุจุงุช ุนูู ูู ุงููุชุฑุฉ ุงูุฃุฎูุฑุฉ.
ูุชุฏุงูู ุฑูุงุฏ ููุงูุน ุงูุชูุงุตู ุงูุงุฌุชูุงุนู ุตูุฑุง ูููุฌู ุงูุชุฑูู ููู ูุชุฏุฑุจ ูู ูุงุนุฉ ุชูููุฉ ุงูุนุถูุงุช.
Pas de repos pour Arda Gรผler. ๐น๐ท๐ช pic.twitter.com/QN7nGSlvhM
ููุงุญุธ ุงูุฌููุน ุญุฌู ุฐุฑุงุนูยุบููุฑยููุชูุชู ุงูุนุถููุฉ ุจุนุฏ ุฎุถูุนู ูุชุฏุฑูุจุงุช ุดุงูุฉ.
ุฌุฏูุฑ ุจุงูุฐูุฑ ุฃู ุบููุฑ ุดุงุฑู ููยุณุจุน ูุจุงุฑูุงุช ูุน ุฑูุงู ูุฏุฑูุฏ ุฎูุงู ูุฐุง ุงูููุณูุ ููุฌุญ ูู ูุฒ ุงูุดุจุงู ูุฑุฉ ูุงุญุฏุฉ ููุท.
ุงููุตุฏุฑ: ููุงูุงุช
"
32,"ูุญูุฏ ููุฑ ูุชููุน ุงููุฑูู ""ุงูููุงุฌุฃุฉ"" ุงูุฐู ุณูููู ุณูุณูุฉ ุงูุชุตุงุฑุงุช ุงูููุงู ุงูุณุนูุฏู (ููุฏูู)",12:41 GMT,/web/20240405235307/https://arabic.rt.com/sport/1553683-%D9%85%D8%AD%D9%85%D8%AF-%D9%86%D9%88%D8%B1-%D9%8A%D8%AA%D9%88%D9%82%D8%B9-%D8%A7%D9%84%D9%81%D8%B1%D9%8A%D9%82-%D8%A7%D9%84%D9%85%D9%81%D8%A7%D8%AC%D8%A3%D8%A9-%D8%A7%D9%84%D8%B0%D9%8A-%D8%B3%D9%8A%D9%86%D9%87%D9%8A-%D8%B3%D9%84%D8%B3%D9%84%D8%A9-%D8%A7%D9%86%D8%AA%D8%B5%D8%A7%D8%B1%D8%A7%D8%AA-%D8%A7%D9%84%D9%87%D9%84%D8%A7%D9%84-%D8%A7%D9%84%D8%B3%D8%B9%D9%88%D8%AF%D9%8A/,"ุชููุน ูุฌู ุงุชุญุงุฏ ุฌุฏุฉ ุงูุณุงุจู ูุญูุฏ ููุฑ ุฃู ุชุชููู ุงูุณูุณูุฉ ุงูููุงุณูุฉ ูุนุฏุฏ ุงูุงูุชุตุงุฑุงุช ุงููุชุชุงููุฉ ุงูุชู ุญูููุง ุงูููุงู ุงูุณุนูุฏู ุนูู ูุฏ ูุฑูู ุงูุฎููุฌ.
ูุงุนุชูู ูุงุฏู ุงูููุงูุ ูุจู ุฃูุงูุ ุตุฏุงุฑุฉ ูุงุฆูุฉ ุฃูุซุฑ ุงูุฃูุฏูุฉ ุชุญูููุง ููุงูุชุตุงุฑุงุช ุงููุชุชุงููุฉ ุนูู ูุณุชูู ุงูุนุงููุ ุจู31 ููุฒุง ูุชุชุงููุง.
ููุจูู ุงูุทูุงู ูุจุงุฑูุงุช ุงูุฌููุฉ 27 ูู ุงูุฏูุฑู ุงูุณุนูุฏูุ ุณุฆู ูุฌู ุงูุฃููู ุงูุณุนูุฏู ุงูุณุงุจูุ ุญุณูู ุนุจุฏ ุงูุบูู ุฎูุงู ูุดุงุฑูุชู ุจุฌุงูุจ ูุฌู ุงุชุญุงุฏ ุฌุฏุฉ ุงูุณุงุจู ูุญูุฏ ููุฑุ ูู ุจุฑูุงูุฌ ""ุฏูุฑููุง ุบูุฑ"" ุนู ุงูููุงุฌุขุช ุงูุชู ูุฏ ุชุญุฏุซ ูู ูุฐู ุงูุฌููุฉุ ููุงู ุนุจุฏ ุงูุบูู: ""ูุง ุฃุชููุน ุฃู ุชุญุฏุซ ููุงุฌุขุช ูููู ุงููุจุงุฑุงุฉ ุงูุฃุตุนุจ ูู ููุงุฌูุฉ ุงูุงุชุญุงุฏ ูุงูุชุนุงููุ ูุงููุงุฆุฒ ูู ุชูู ุงููุจุงุฑุงุฉ ูู ูููู ููุงุฌุฃุฉ"".
#ูุญูุฏ_ููุฑ:#ุงูุฎููุฌ ุณูููู ุณูุณูุฉ ุงูุชุตุงุฑุงุช #ุงูููุงู@MohamedNoor_N18#ุฏูุฑููุง_ุบูุฑ#ููุงุฉ_ุงูุณุนูุฏูุฉpic.twitter.com/2QccOEZwXM
ูุชุฏุฎู ูุญูุฏ ููุฑ ูุงุฆูุง: ""ุงูุฎููุฌ ูุงูููุงู ุณุชุญุฏุซยูููุง ููุงุฌุฃุฉ ููุฏ ุชูุชูู ุจุงูุชุนุงุฏู ูุณุชุชููู ุณูุณูุฉ ุงูุชุตุงุฑุงุช ุงูููุงู"".
ูููุงุฌู ุงูููุงู ูุธูุฑู ุงูุฎููุฌุ ุจูููุง ููุนุจ ุงูุงุชุญุงุฏ ุถุฏ ุงูุชุนุงูู ูุณุงุก ุงูููู ุงูุฌูุนุฉุ ุจุงูุฌููุฉ 27 ุถูู ููุงูุณุงุช ุฏูุฑู ุงููุญุชุฑููู ุงูุณุนูุฏู.
ููุบุฑุฏ ุงูููุงู ูููุฑุฏุง ูู ุตุฏุงุฑุฉ ุงูุฏูุฑู ุงูุณุนูุฏู ุจูุงุฑู 12 ููุทุฉ ุนู ุฃูุฑุจ ููุงูุณูู ุงููุตุฑ.
ุงููุตุฏุฑ: ุจุฑูุงูุฌย""ุฏูุฑููุง ุบูุฑ"""
33,ุจุนุฏ ุตูุงู ูุงูุงูุฏ ุนู ุงูุชูุฏูู.. ุงูููุงูุณุฉ ุชุดุชุฏ ุนูู ุตุฏุงุฑุฉ ูุฏุงูู ุงูุฏูุฑู ุงูุฅูุฌููุฒู,12:19 GMT,/web/20240405235307/https://arabic.rt.com/sport/1553675-%D8%A8%D8%B9%D8%AF-%D8%B5%D9%8A%D8%A7%D9%85-%D9%87%D8%A7%D9%84%D8%A7%D9%86%D8%AF-%D8%B9%D9%86-%D8%A7%D9%84%D8%AA%D8%B3%D8%AC%D9%8A%D9%84-%D8%A7%D9%84%D9%85%D9%86%D8%A7%D9%81%D8%B3%D8%A9-%D8%AA%D8%B4%D8%AA%D8%AF-%D8%B9%D9%84%D9%89-%D8%B5%D8%AF%D8%A7%D8%B1%D8%A9-%D9%82%D8%A7%D8%A6%D9%85%D8%A9-%D9%87%D8%AF%D8%A7%D9%81%D9%8A-%D8%A7%D9%84%D8%AF%D9%88%D8%B1%D9%8A-%D8%A7%D9%84%D8%A5%D9%86%D8%AC%D9%84%D9%8A%D8%B2%D9%8A/,
34,ุฑูุงู ูุฏุฑูุฏ ูุญุฏุฏ ุณุนุฑ ุฅุจุฑุงููู ุฏูุงุฒ ููุฃูุฏูุฉ ุงูุฑุงุบุจุฉ ูู ุถูู,11:11 GMT,/web/20240405235307/https://arabic.rt.com/sport/1553614-%D8%B1%D9%8A%D8%A7%D9%84-%D9%85%D8%AF%D8%B1%D9%8A%D8%AF-%D9%8A%D8%AD%D8%AF%D8%AF-%D8%B3%D8%B9%D8%B1-%D8%A5%D8%A8%D8%B1%D8%A7%D9%87%D9%8A%D9%85-%D8%AF%D9%8A%D8%A7%D8%B2-%D9%84%D9%84%D8%A3%D9%86%D8%AF%D9%8A%D8%A9-%D8%A7%D9%84%D8%B1%D8%A7%D8%BA%D8%A8%D8%A9-%D9%81%D9%8A-%D8%B6%D9%85%D9%87/,
35,ูุงุนุจ ูููุงูู ูุตุฏู ููุฑู ุจุณุจุจ ุงููุบุฑุจ,09:34 GMT,/web/20240405235307/https://arabic.rt.com/sport/1553590-%D9%84%D8%A7%D8%B9%D8%A8-%D9%85%D9%88%D9%86%D8%A7%D9%83%D9%88-%D9%8A%D8%B5%D8%AF%D9%85-%D9%87%D9%86%D8%B1%D9%8A-%D8%A8%D8%B3%D8%A8%D8%A8-%D8%A7%D9%84%D9%85%D8%BA%D8%B1%D8%A8/,"ูุฌู ุงููุบุฑุจู ุฅููุงุณ ุจู ุงูุตุบูุฑ ูุงุนุจ ูุฑูู ูููุงููุ ุตุฏูุฉ ุฅูู ุชููุฑู ููุฑู ูุฏุฑุจ ููุชุฎุจ ูุฑูุณุง ุงูุฃูููุจู.
ูุฐูุฑ ูููุน ""ููููุฑุฉ "" ุฃู ููุฑู ุชูุงุตู ุดุฎุตูุง ูุน ุจู ุงูุตุบูุฑุ ูู ุฃุฌู ุฅููุงุนู ุจุงูุชุฑุงุฌุน ุนู ุชูุซูู ุงููุบุฑุจุ ูุงููุนุจ ูุน ุฏููู ูุฑูุณุง"".
ูุชุงุจุน: ""ููุฑู ูุนุฏยุฅููุงุณ ุจู ุงูุตุบูุฑ ุจุงููุนุจ ุฃุณุงุณูุง ูุน ููุชุฎุจ ูุฑูุณุง ูู ุฃูููุจูุงุฏ ุจุงุฑูุณ 2024ุ ุจุฌุงูุจ ุงูุงูุชูุงู ุจุดูููู"".
ููููุช ุงููุตุงุฏุฑ ูููููุน: ""ุฑุฏยุฅููุงุณ ุจู ุงูุตุบูุฑ ูุงู ุญุงุณูุงุ ุจุฑูุถ ุนุฑุถ ุงููุฏุฑุจ ููุฑูุ ูุงูุชูุณู ุจุงููุนุจ ูุตุงูุญ ุฃุณูุฏ ุงูุฃุทูุณ"".
La @FFF qui force pour essayer de rรฉcupรฉrer Ben seghir et le convaincre de changer dโavis.Eliesse Ben seghir qui republie รงa sur sa story insta pas plus loin quโhier ๐ (oui, lรขchez รงa @FFF ๐คก) pic.twitter.com/dajo9GdNml
ูุฃูุถุญุช: ""ุชุญุฑู ููุฑู ูุฃุชู ููุทุน ุงูุทุฑูู ุนููยุฅููุงุณ ุจู ุงูุตุบูุฑุ ุญุชู ูุง ูุฎูุถ ูุจุงุฑุงุชู ุงูุซุงูุซุฉ ูุน ุงููุบุฑุจ ุฎูุงู ููููู ุงูููุจูุ ููุง ุณูุบูู ุงูุจุงุจ ุฑุณููุง ุฃูุงู ุงูุงุชุญุงุฏ ุงููุฑูุณู"".
ูุงูุถูยุฅููุงุณ ุจู ุงูุตุบูุฑ ููุนุณูุฑ ุงููุบุฑุจ ุฎูุงู ุงูุดูุฑ ุงููุงุถูุ ูุงูุฐู ุดูุฏ ุฎูุถยูุจุงุฑุงุชูู ูุฏูุชููุ ุญูุซ ูุงุฒ ุจูุฏู ุฏูู ุฑุฏ ุนูู ุฃูุบููุงุ ูุชุนุงุฏู ุฏูู ุฃูุฏุงู ูุน ููุฑูุชุงููุง.
ุงููุตุฏุฑ:ยkooora"
36,ูุดู ูุชุงุฆุฌ ุงูุชุญูููุงุช ุงูุณุฑูุฉ ุญูู ูุดุงุท ุญุณุงุจุงุช ุจูููู,08:18 GMT,/web/20240405235307/https://arabic.rt.com/sport/1553572-%D9%83%D8%B4%D9%81-%D9%86%D8%AA%D8%A7%D8%A6%D8%AC-%D8%A7%D9%84%D8%AA%D8%AD%D9%82%D9%8A%D9%82%D8%A7%D8%AA-%D8%A7%D9%84%D8%B3%D8%B1%D9%8A%D8%A9-%D8%AD%D9%88%D9%84-%D9%86%D8%B4%D8%A7%D8%B7-%D8%AD%D8%B3%D8%A7%D8%A8%D8%A7%D8%AA-%D8%A8%D9%8A%D9%83%D9%8A%D9%87/,
37,ุงุณุชุจุฏุงู ุตูุงุญ ูุซูุฑ ุบุถุจู ููุฑูุถ ุงููุธุฑ ุฅูู ูููุจ (ููุฏูู),07:56 GMT,/web/20240405235307/https://arabic.rt.com/sport/1553564-%D8%A7%D9%84%D8%A7%D8%B3%D8%AA%D8%A8%D8%AF%D8%A7%D9%84-%D9%8A%D8%AB%D9%8A%D8%B1-%D8%BA%D8%B6%D8%A8-%D8%B5%D9%84%D8%A7%D8%AD-%D9%88%D9%8A%D8%B1%D9%81%D8%B6-%D8%A7%D9%84%D9%86%D8%B8%D8%B1-%D8%A5%D9%84%D9%89-%D9%83%D9%84%D9%88%D8%A8/,"ุฃุซุงุฑ ูุฑุงุฑ ุงููุฏุฑุจ ุงูุฃููุงูู ููุฑุบู ูููุจ ุงูููุงุฌุฆ ุงุณุชุจุฏุงู ูุญูุฏ ุตูุงุญ ุฌูุงุญ ูููุฑุจูู ุงูุฅูุฌููุฒู ุฃุซูุงุก ูุจุงุฑุงุฉ ุงููุฑูู ุฃูุงู ุดููููุฏ ุนูุฏ ุงูุฏูููุฉ 60 ุฃูุณ ุงูุฎููุณ ุบุถุจ ุงููุงุนุจ ุงููุตุฑู.
ูุงูุชุตุฑ ูููุฑุจูู ุนูู ุดููููุฏ ูููุงูุชุฏ ุจูุชูุฌุฉ 3-1 ูู ุงูููุงุก ุงูุฐู ุฃููู ุนูู ููุนุจ ""ุขููููุฏ"" ุถูู ููุงูุณุงุช ุงูุฌููุฉ 31 ูู ุงูุฏูุฑู ุงูุฅูุฌููุฒู ุงูููุชุงุฒ.
ูุจุฏุง ุตูุงุญ ูุชูุงุฌุฆุง ูู ูุฑุงุฑ ูููุจ ุชุจุฏููู ุจุฒูููู ูุงุฑูู ุฅูููุช ูุธูุฑ ููู ููุฒ ุฑุฃุณูยูุญุจุทุง ูุจู ุฃู ูุตุงูุญ ุงููุฏุฑุจ ุงูุฃููุงูู ุนูู ูุถุถ ุฏูู ุฃู ููุธุฑ ุฅูููุ ุฅุฐ ุจุฏุง ุบุงุถุจุง ููู ููู ุจุงูุฎุฑูุฌ ูู ุงูููุนุจ.
What do you think of the reaction of Mo Salah to being substituted? #beINPL#LIVSHU#LFCpic.twitter.com/ybh424kD81
ูุจุฏุฃ ุตูุงุญ ุซูุงุซ ูุจุงุฑูุงุช ููุท ูุน ูููุฑุจูู ููุฐ ุงูุชุบูุจ ุนูู ูุดุงูู ุงูุฅุตุงุจุฉ ุงูุฃุฎูุฑุฉ ุงูุชู ุชุนุฑุถ ููุง.
ูุณุฌู ุตูุงุญ 22 ูุฏูุง ูู 33 ูุจุงุฑุงุฉ ุจุฌููุน ุงููุณุงุจูุงุช ูุฐุง ุงูููุณูุ ููุง ูุฏู 13 ุชูุฑูุฑุฉ ุญุงุณูุฉ.
ููุนุฏ ุงููุงุนุจ ุงูุจุงูุบ 31 ุนุงูุง ูุฏุงู ูููุฑุจูู ูุฐุง ุงูููุณู ููุงู ูู ุฏูุฑ ุฃุณุงุณู ูู ููุงุฏุฉ ุงูุฑูุฏุฒ ุฅูู ุตุฏุงุฑุฉ ุงูุฏูุฑูุ ุญูุซ ูุชุทูุน ูุฑูู ูููุจ ููููุฒ ุจุฃูู ููุจ ูู ููุฐ ุนุงู 2020 ูู ุงูููุณู ุงูุฃุฎูุฑ ููุฃููุงูู.
ูุงุณุชุนุงุฏ ุงูุฑูุฏุฒ ุตุฏุงุฑุฉ ุงูุจุฑูููุฑููุบ ุจุนุฏูุง ุฑูุน ุฑุตูุฏู ุฅูู 70 ููุทุฉ ููููู ุฃุฑุณูุงู ูุตููุง ุจู68 ููุทุฉ ุซู ูุงูุดุณุชุฑ ุณูุชู ุซุงูุซุง ุจู67 ููุทุฉ.
ุงููุตุฏุฑ: RT"
38,ุฑูุงู ูุฏุฑูุฏ ูุณุชุบู ุงููุบููุฉ ุชุงูููุฑ ุณูููุช ูู ุตููุฉ ูุจุงุจู,07:35 GMT,/web/20240405235307/https://arabic.rt.com/sport/1553555-%D8%B1%D9%8A%D8%A7%D9%84-%D9%85%D8%AF%D8%B1%D9%8A%D8%AF-%D9%8A%D8%B3%D8%AA%D8%BA%D9%84-%D8%A7%D9%84%D9%85%D8%BA%D9%86%D9%8A%D8%A9-%D8%AA%D8%A7%D9%8A%D9%84%D9%88%D8%B1-%D8%B3%D9%88%D9%8A%D9%81%D8%AA-%D9%81%D9%8A-%D8%B5%D9%81%D9%82%D8%A9-%D9%85%D8%A8%D8%A7%D8%A8%D9%8A/,"ุชุณุนู ุฅุฏุงุฑุฉ ูุงุฏู ุฑูุงู ูุฏุฑูุฏ ุฅูู ุงูุงุณุชูุงุฏุฉ ูู ุฅูุงูุฉ ุงููุบููุฉ ุงูุฃูุฑูููุฉ ุงูุดููุฑุฉ ุชุงูููุฑ ุณูููุช ุญููุชูู ูู ููุนุจ ""ุณุงูุชูุงุบู ุจุฑูุงุจูู"" ูุนูู ุงููุงุฏู ุงูุฅุณุจุงูู ูู ุฃุฌู ุชูุฏูู ุตููุชู ุงูููุชุธุฑุฉ.
ูุชุฎุทุท ุฅุฏุงุฑุฉ ุฑูุงู ูุฏุฑูุฏุ ูุชูุฏูู ุงููุฌู ุงููุฑูุณู ููููุงู ูุจุงุจู ูุงุนุจ ุจุงุฑูุณ ุณุงู ุฌูุฑูุงู ุงูุฐู ุจุงุช ุนูู ุฃุนุชุงุจ ุงูุงูุชูุงู ุฅูู ุตููู ุงููุฑูู ุงููุฏุฑูุฏูยุฎูุงู ุงูุตูู ุงูููุจู ูู ุตููุฉ ูุฌุงููุฉุ ุจุดูู ูุจูุฑุ ูููุง ูุตุญููุฉย""ูุงุฑูุง"" ุงูุฅุณุจุงููุฉ.
ููู ุงูููุชุธุฑ ุฃู ุชูุฏู ูุฌูุฉ ุงูุจูุจ ุงูุนุงูููุฉุ ุญููุง ุถุฎูุง ุจุงุณุชุนุฏุงุฏุงุช ูุจุฑู ูู ุงูุนุงุตูุฉ ุงูุฅุณุจุงููุฉ ูุฏุฑูุฏุ ุฎูุงู ูููู 29 ู30 ูุงููุ ุฃู ุจุนุฏ ุฃุณุจูุน ูู ุงูุชูุงุก ุฌููุน ุงูููุงูุณุงุช ุงููุญููุฉ ูู ูุฑูุณุง.
ูุฃุดุงุฑุช ""ูุงุฑูุง""ุ ุฅูู ุฃู ุฑูุงู ูุฏุฑูุฏ ูููู ุงุณุชุบูุงู ุญููุชู ุชุงูููุฑ ูู ุฃุฌู ุชูุฏูู ุงููุฌู ุงูุญุงุฆุฒ ุนูู ูุฃุณ ุงูุนุงูู 2018ุ ุฎุตูุตุง ุฃู ุงูุญูู ุณูููู ูุจู 24 ุณุงุนุฉ ููุท ูู ุงููุจุงุฑุงุฉ ุงูููุงุฆูุฉ ูุฏูุฑู ุฃุจุทุงู ุฃูุฑูุจุง ูู ""ูููุจูู""ุ ููู ุขุฎุฑ ูุจุงุฑุงุฉ ูู ุงููููู ุฃู ูุฎูุถูุง ููููุงู ูุน ุจุงุฑูุณ ูู ูุณูุฑุชู.
ูุฎุชูุช ุงูุตุญููุฉ: ""ุฑูุงู ูุฏุฑูุฏ ูุฑู ูู ูุฌูุฏ ุดุฎุตูุชูู ูุดููุฑุชูู ""ูุซู ุชุงูููุฑ ูููููุงู"" ุณูููู ููุงุณุจุง ูู ุฃุฌู ุงูุงุญุชูุงู ุจุงูุถูุงู ุงูุฃุฎูุฑ ุฅูู ุงููุงุฏู"".
ููุงู ูุจุงุจูุ ุตุฑุญ ูู ููุช ุณุงุจู ุจุฃูู ุณููุดู ุนู ูุฌูุชู ุงูุฌุฏูุฏุฉุ ูุจู ุจุฏุงูุฉ ุจุทููุฉ ุฃูู ุฃูุฑูุจุง 2024 ุงูุชู ุชูุทูู ููุงูุณุงุชูุง ูู ุฃููุงููุง ููู 14 ููููู ุงูููุจู.
ูุฃูุถู ูุจุงุจู 7 ุฃุนูุงู ูุน ุจุงุฑูุณ ุณุงู ุฌูุฑูุงู ุงููุฑูุณู ููุฐ ุงูุชูุงูู ุฅููู ูู 2017 ูุงุฏูุง ูู ูููุงูู ูุฃุตุจุญ ุงููุฏุงู ุงูุชุงุฑูุฎู ูููุงุฏู ุงููุฑูุณู ุฎููุง ููุฃูุฑุบููุงูู ุฅุฏููุณูู ูุงูุงูู.
ุงููุตุฏุฑ: ""ูุณุงุฆู ุฅุนูุงู""

"
39,ุฌูููุฑ ุจุฑุดูููุฉ ููุชู ุฏุนูุง ูููุณุทูู ุฃูุงู ูุฑูู ุฅุณุฑุงุฆููู,07:19 GMT,/web/20240405235307/https://arabic.rt.com/sport/1553539-%D8%AC%D9%85%D9%87%D9%88%D8%B1-%D8%A8%D8%B1%D8%B4%D9%84%D9%88%D9%86%D8%A9-%D9%8A%D9%87%D8%AA%D9%81%D9%88%D9%86-%D9%84%D9%85%D9%86%D8%A7%D8%B5%D8%B1%D8%A9-%D9%81%D9%84%D8%B3%D8%B7%D9%8A%D9%86/,
